[
{
    "model": "sessions.session",
    "pk": "al4f9dh7oumy2iqxvb39bt0x1906f402",
    "fields": {
        "session_data": "MzNkZTViYjU5YzJkMDAwNTllM2VlY2I0NmIwNjE2YTcxNDQxMDkyNDp7Il9hdXRoX3VzZXJfaGFzaCI6Ijc5Y2ExZThhYjYxZTg4MGFhMTM5NTcyZTg5YTA2NDI5NzQwODUwZDUiLCJfYXV0aF91c2VyX2JhY2tlbmQiOiJkamFuZ28uY29udHJpYi5hdXRoLmJhY2tlbmRzLk1vZGVsQmFja2VuZCIsIl9hdXRoX3VzZXJfaWQiOiIxIn0=",
        "expire_date": "2017-03-26T21:58:17.445Z"
    }
},
{
    "model": "sessions.session",
    "pk": "jvu2m3y2sn9d2eqfnkifi9ho3ik1zwoa",
    "fields": {
        "session_data": "MzNkZTViYjU5YzJkMDAwNTllM2VlY2I0NmIwNjE2YTcxNDQxMDkyNDp7Il9hdXRoX3VzZXJfaGFzaCI6Ijc5Y2ExZThhYjYxZTg4MGFhMTM5NTcyZTg5YTA2NDI5NzQwODUwZDUiLCJfYXV0aF91c2VyX2JhY2tlbmQiOiJkamFuZ28uY29udHJpYi5hdXRoLmJhY2tlbmRzLk1vZGVsQmFja2VuZCIsIl9hdXRoX3VzZXJfaWQiOiIxIn0=",
        "expire_date": "2017-04-14T16:19:58.634Z"
    }
},
{
    "model": "sessions.session",
    "pk": "s5j3xygz7gsrmgl35as2owbnb5ov16nc",
    "fields": {
        "session_data": "MzFlZjcyN2Y5YzY1ZjQwNTkxM2EwODZmMDg5Yzk2ZDkzZjhjMDM4Mjp7Il9hdXRoX3VzZXJfaGFzaCI6ImU4NDFmZjI2MDYxZTE3YjhkNmYzZWU3YThkMDc2ZTNmODFiZWE1ZTEiLCJfYXV0aF91c2VyX2JhY2tlbmQiOiJhY2NvdW50cy5iYWNrZW5kcy5FbWFpbEF1dGgiLCJfYXV0aF91c2VyX2lkIjoiMiJ9",
        "expire_date": "2017-03-29T12:28:59.546Z"
    }
},
{
    "model": "sessions.session",
    "pk": "uowcq72m7239w79ho5oqsk5rhlfcxrf7",
    "fields": {
        "session_data": "YzkwYzk1MTNhYWY4MGZiYmYzYTg1M2RkNTQ3ZjJiZTk0NDE1YmRmODp7Il9hdXRoX3VzZXJfaGFzaCI6Ijc5Y2ExZThhYjYxZTg4MGFhMTM5NTcyZTg5YTA2NDI5NzQwODUwZDUiLCJfYXV0aF91c2VyX2JhY2tlbmQiOiJhY2NvdW50cy5iYWNrZW5kcy5FbWFpbEF1dGgiLCJfYXV0aF91c2VyX2lkIjoiMSJ9",
        "expire_date": "2017-04-12T23:54:29.095Z"
    }
},
{
    "model": "sites.site",
    "fields": {
        "domain": "example.com",
        "name": "example.com"
    }
},
{
    "model": "sites.site",
    "fields": {
        "domain": "localhost",
        "name": "localhost"
    }
},
{
    "model": "flatpages.flatpage",
    "pk": 1,
    "fields": {
        "url": "/pages/about/",
        "title": "About",
        "content": "We Connect is a social networking site that offers a blog platform and a forum that members can use to reach out and connect with others!\r\n<br><br>\r\nAnyone, anywhere can register and create blog posts on any topic to share with the world!\r\n<br><br>\r\nHave a look through our forum and you will see our many discussion threads where users can create their own posts and polls, leave comments and vote - be a part of the conversation and have your say!\r\n<br><br>\r\nWe also offer a wide range of products for sale in our products section. We make transactions through Paypal so your information is 100% safe and protected!\r\n<br><br>\r\nThere are also monthly magazine subscriptions available in our Magazines section - again all through Paypal so sit back, relax and enjoy your new reading material with complete piece of mind!",
        "enable_comments": false,
        "template_name": "",
        "registration_required": false,
        "sites": [
            3
        ]
    }
},
{
    "model": "flatpages.flatpage",
    "pk": 2,
    "fields": {
        "url": "/pages/contact/",
        "title": "Contact",
        "content": "Subway tile XOXO godard, normcore poke vice meditation umami hell of man bun banh mi cred occupy banjo. XOXO irony gochujang, cronut mlkshk helvetica butcher af distillery mumblecore raw denim. Air plant mustache helvetica, synth pour-over kitsch quinoa PBR&B bushwick coloring book. Wayfarers wolf hashtag, flannel shabby chic fam truffaut godard hella. Activated charcoal occupy la croix distillery vape. Occupy pickled deep v banjo. Kombucha crucifix plaid food truck swag vegan snackwave, lo-fi tbh pok pok 8-bit single-origin coffee church-key.",
        "enable_comments": false,
        "template_name": "",
        "registration_required": false,
        "sites": [
            3
        ]
    }
},
{
    "model": "ipn.paypalipn",
    "pk": 1,
    "fields": {
        "business": "meganemilyduffy@gmail.com",
        "charset": "windows-1252",
        "custom": "1-1",
        "notify_version": "3.80",
        "parent_txn_id": "",
        "receiver_email": "meganemilyduffy@gmail.com",
        "receiver_id": "",
        "residence_country": "US",
        "test_ipn": true,
        "txn_id": "",
        "txn_type": "subscr_signup",
        "verify_sign": "A21kmBLyRcQpDSjYvmswlm3ckjahAtGpfSae0YAQDauYlKxmfYIi0sh2",
        "address_country": "",
        "address_city": "",
        "address_country_code": "",
        "address_name": "",
        "address_state": "",
        "address_status": "",
        "address_street": "",
        "address_zip": "",
        "contact_phone": "",
        "first_name": "Megin",
        "last_name": "Duffy",
        "payer_business_name": "",
        "payer_email": "megin@gmail.com",
        "payer_id": "XHP9Q2WJWEYAC",
        "auth_amount": "0.00",
        "auth_exp": "",
        "auth_id": "",
        "auth_status": "",
        "exchange_rate": "0E-16",
        "invoice": "8442f211-c6dc-48d8-a877-abbf10655fab",
        "item_name": "PyLadies Magazine",
        "item_number": "",
        "mc_currency": "USD",
        "mc_fee": "0.00",
        "mc_gross": "0.00",
        "mc_handling": "0.00",
        "mc_shipping": "0.00",
        "memo": "",
        "num_cart_items": 0,
        "option_name1": "",
        "option_name2": "",
        "option_selection1": "",
        "option_selection2": "",
        "payer_status": "verified",
        "payment_date": null,
        "payment_gross": "0.00",
        "payment_status": "",
        "payment_type": "",
        "pending_reason": "",
        "protection_eligibility": "",
        "quantity": 1,
        "reason_code": "",
        "remaining_settle": "0.00",
        "settle_amount": "0.00",
        "settle_currency": "",
        "shipping": "0.00",
        "shipping_method": "",
        "tax": "0.00",
        "transaction_entity": "",
        "auction_buyer_id": "",
        "auction_closing_date": null,
        "auction_multi_item": 0,
        "for_auction": "0.00",
        "amount": "0.00",
        "amount_per_cycle": "0.00",
        "initial_payment_amount": "0.00",
        "next_payment_date": null,
        "outstanding_balance": "0.00",
        "payment_cycle": "",
        "period_type": "",
        "product_name": "",
        "product_type": "",
        "profile_status": "",
        "recurring_payment_id": "",
        "rp_invoice_id": "",
        "time_created": null,
        "amount1": "0.00",
        "amount2": "0.00",
        "amount3": "9.99",
        "mc_amount1": "0.00",
        "mc_amount2": "0.00",
        "mc_amount3": "9.99",
        "password": "",
        "period1": "",
        "period2": "",
        "period3": "1 M",
        "reattempt": "1",
        "recur_times": 0,
        "recurring": "1",
        "retry_at": null,
        "subscr_date": "2017-03-14T13:41:24Z",
        "subscr_effective": null,
        "subscr_id": "I-C0DRRT1KTAK2",
        "username": "",
        "mp_id": "",
        "case_creation_date": null,
        "case_id": "",
        "case_type": "",
        "receipt_id": "",
        "currency_code": "USD",
        "handling_amount": "0.00",
        "transaction_subject": "",
        "ipaddress": "127.0.0.1",
        "flag": false,
        "flag_code": "",
        "flag_info": "",
        "query": "txn_type=subscr_signup&subscr_id=I-C0DRRT1KTAK2&last_name=Duffy&residence_country=US&mc_currency=USD&item_name=PyLadies+Magazine&business=meganemilyduffy%40gmail.com&amount3=9.99&recurring=1&verify_sign=A21kmBLyRcQpDSjYvmswlm3ckjahAtGpfSae0YAQDauYlKxmfYIi0sh2&payer_status=verified&test_ipn=1&payer_email=megin%40gmail.com&first_name=Megin&receiver_email=meganemilyduffy%40gmail.com&payer_id=XHP9Q2WJWEYAC&invoice=8442f211-c6dc-48d8-a877-abbf10655fab&reattempt=1&subscr_date=06%3A41%3A24+Mar+14%2C+2017+PDT&custom=1-1&charset=windows-1252&notify_version=3.8&period3=1+M&mc_amount3=9.99&ipn_track_id=2a9e8f7dc8ba0",
        "response": "VERIFIED",
        "created_at": "2017-03-14T13:43:40.250Z",
        "updated_at": "2017-03-14T13:43:40.396Z",
        "from_view": ""
    }
},
{
    "model": "ipn.paypalipn",
    "pk": 2,
    "fields": {
        "business": "meganemilyduffy@gmail.com",
        "charset": "windows-1252",
        "custom": "1-1",
        "notify_version": "3.80",
        "parent_txn_id": "",
        "receiver_email": "meganemilyduffy@gmail.com",
        "receiver_id": "DU5NTK47BPPE6",
        "residence_country": "US",
        "test_ipn": true,
        "txn_id": "48D53967MG645704V",
        "txn_type": "subscr_payment",
        "verify_sign": "AIkKNboJiyuxWLOHUlzTd3lpqCSxAeRQ4qK3fqkKDVCZiCb0EmGQKYfR",
        "address_country": "",
        "address_city": "",
        "address_country_code": "",
        "address_name": "",
        "address_state": "",
        "address_status": "",
        "address_street": "",
        "address_zip": "",
        "contact_phone": "",
        "first_name": "Megin",
        "last_name": "Duffy",
        "payer_business_name": "",
        "payer_email": "megin@gmail.com",
        "payer_id": "XHP9Q2WJWEYAC",
        "auth_amount": "0.00",
        "auth_exp": "",
        "auth_id": "",
        "auth_status": "",
        "exchange_rate": "0E-16",
        "invoice": "8442f211-c6dc-48d8-a877-abbf10655fab",
        "item_name": "PyLadies Magazine",
        "item_number": "",
        "mc_currency": "USD",
        "mc_fee": "0.59",
        "mc_gross": "9.99",
        "mc_handling": "0.00",
        "mc_shipping": "0.00",
        "memo": "",
        "num_cart_items": 0,
        "option_name1": "",
        "option_name2": "",
        "option_selection1": "",
        "option_selection2": "",
        "payer_status": "verified",
        "payment_date": "2017-03-14T13:41:27Z",
        "payment_gross": "9.99",
        "payment_status": "Completed",
        "payment_type": "instant",
        "pending_reason": "",
        "protection_eligibility": "Ineligible",
        "quantity": 1,
        "reason_code": "",
        "remaining_settle": "0.00",
        "settle_amount": "0.00",
        "settle_currency": "",
        "shipping": "0.00",
        "shipping_method": "",
        "tax": "0.00",
        "transaction_entity": "",
        "auction_buyer_id": "",
        "auction_closing_date": null,
        "auction_multi_item": 0,
        "for_auction": "0.00",
        "amount": "0.00",
        "amount_per_cycle": "0.00",
        "initial_payment_amount": "0.00",
        "next_payment_date": null,
        "outstanding_balance": "0.00",
        "payment_cycle": "",
        "period_type": "",
        "product_name": "",
        "product_type": "",
        "profile_status": "",
        "recurring_payment_id": "",
        "rp_invoice_id": "",
        "time_created": null,
        "amount1": "0.00",
        "amount2": "0.00",
        "amount3": "0.00",
        "mc_amount1": "0.00",
        "mc_amount2": "0.00",
        "mc_amount3": "0.00",
        "password": "",
        "period1": "",
        "period2": "",
        "period3": "",
        "reattempt": "",
        "recur_times": 0,
        "recurring": "",
        "retry_at": null,
        "subscr_date": null,
        "subscr_effective": null,
        "subscr_id": "I-C0DRRT1KTAK2",
        "username": "",
        "mp_id": "",
        "case_creation_date": null,
        "case_id": "",
        "case_type": "",
        "receipt_id": "",
        "currency_code": "USD",
        "handling_amount": "0.00",
        "transaction_subject": "PyLadies Magazine",
        "ipaddress": "127.0.0.1",
        "flag": false,
        "flag_code": "",
        "flag_info": "",
        "query": "transaction_subject=PyLadies+Magazine&payment_date=06%3A41%3A27+Mar+14%2C+2017+PDT&txn_type=subscr_payment&subscr_id=I-C0DRRT1KTAK2&last_name=Duffy&residence_country=US&item_name=PyLadies+Magazine&payment_gross=9.99&mc_currency=USD&business=meganemilyduffy%40gmail.com&payment_type=instant&protection_eligibility=Ineligible&verify_sign=AIkKNboJiyuxWLOHUlzTd3lpqCSxAeRQ4qK3fqkKDVCZiCb0EmGQKYfR&payer_status=verified&test_ipn=1&payer_email=megin%40gmail.com&txn_id=48D53967MG645704V&receiver_email=meganemilyduffy%40gmail.com&first_name=Megin&invoice=8442f211-c6dc-48d8-a877-abbf10655fab&payer_id=XHP9Q2WJWEYAC&receiver_id=DU5NTK47BPPE6&payment_status=Completed&payment_fee=0.59&mc_fee=0.59&mc_gross=9.99&custom=1-1&charset=windows-1252&notify_version=3.8&ipn_track_id=2a9e8f7dc8ba0",
        "response": "VERIFIED",
        "created_at": "2017-03-14T13:43:40.260Z",
        "updated_at": "2017-03-14T13:43:40.507Z",
        "from_view": ""
    }
},
{
    "model": "ipn.paypalipn",
    "pk": 3,
    "fields": {
        "business": "meganemilyduffy@gmail.com",
        "charset": "windows-1252",
        "custom": "2-1",
        "notify_version": "3.80",
        "parent_txn_id": "",
        "receiver_email": "meganemilyduffy@gmail.com",
        "receiver_id": "DU5NTK47BPPE6",
        "residence_country": "US",
        "test_ipn": true,
        "txn_id": "1YX98411WA300723K",
        "txn_type": "subscr_payment",
        "verify_sign": "AGs52InFHk3cJ5j80u2Udq.A26J4AO5KuNlJUQ5uCrdpc7zrNkhrL5TA",
        "address_country": "",
        "address_city": "",
        "address_country_code": "",
        "address_name": "",
        "address_state": "",
        "address_status": "",
        "address_street": "",
        "address_zip": "",
        "contact_phone": "",
        "first_name": "Megin",
        "last_name": "Duffy",
        "payer_business_name": "",
        "payer_email": "megin@gmail.com",
        "payer_id": "XHP9Q2WJWEYAC",
        "auth_amount": "0.00",
        "auth_exp": "",
        "auth_id": "",
        "auth_status": "",
        "exchange_rate": "0E-16",
        "invoice": "41d5ad2d-29aa-4e8b-88ee-0e00b204b54c",
        "item_name": "Natural Glow Magazine",
        "item_number": "",
        "mc_currency": "USD",
        "mc_fee": "0.59",
        "mc_gross": "9.99",
        "mc_handling": "0.00",
        "mc_shipping": "0.00",
        "memo": "",
        "num_cart_items": 0,
        "option_name1": "",
        "option_name2": "",
        "option_selection1": "",
        "option_selection2": "",
        "payer_status": "verified",
        "payment_date": "2017-03-14T13:44:01Z",
        "payment_gross": "9.99",
        "payment_status": "Completed",
        "payment_type": "instant",
        "pending_reason": "",
        "protection_eligibility": "Ineligible",
        "quantity": 1,
        "reason_code": "",
        "remaining_settle": "0.00",
        "settle_amount": "0.00",
        "settle_currency": "",
        "shipping": "0.00",
        "shipping_method": "",
        "tax": "0.00",
        "transaction_entity": "",
        "auction_buyer_id": "",
        "auction_closing_date": null,
        "auction_multi_item": 0,
        "for_auction": "0.00",
        "amount": "0.00",
        "amount_per_cycle": "0.00",
        "initial_payment_amount": "0.00",
        "next_payment_date": null,
        "outstanding_balance": "0.00",
        "payment_cycle": "",
        "period_type": "",
        "product_name": "",
        "product_type": "",
        "profile_status": "",
        "recurring_payment_id": "",
        "rp_invoice_id": "",
        "time_created": null,
        "amount1": "0.00",
        "amount2": "0.00",
        "amount3": "0.00",
        "mc_amount1": "0.00",
        "mc_amount2": "0.00",
        "mc_amount3": "0.00",
        "password": "",
        "period1": "",
        "period2": "",
        "period3": "",
        "reattempt": "",
        "recur_times": 0,
        "recurring": "",
        "retry_at": null,
        "subscr_date": null,
        "subscr_effective": null,
        "subscr_id": "I-JB1DJN34TPRV",
        "username": "",
        "mp_id": "",
        "case_creation_date": null,
        "case_id": "",
        "case_type": "",
        "receipt_id": "",
        "currency_code": "USD",
        "handling_amount": "0.00",
        "transaction_subject": "Natural Glow Magazine",
        "ipaddress": "127.0.0.1",
        "flag": false,
        "flag_code": "",
        "flag_info": "",
        "query": "transaction_subject=Natural+Glow+Magazine&payment_date=06%3A44%3A01+Mar+14%2C+2017+PDT&txn_type=subscr_payment&subscr_id=I-JB1DJN34TPRV&last_name=Duffy&residence_country=US&item_name=Natural+Glow+Magazine&payment_gross=9.99&mc_currency=USD&business=meganemilyduffy%40gmail.com&payment_type=instant&protection_eligibility=Ineligible&verify_sign=AGs52InFHk3cJ5j80u2Udq.A26J4AO5KuNlJUQ5uCrdpc7zrNkhrL5TA&payer_status=verified&test_ipn=1&payer_email=megin%40gmail.com&txn_id=1YX98411WA300723K&receiver_email=meganemilyduffy%40gmail.com&first_name=Megin&invoice=41d5ad2d-29aa-4e8b-88ee-0e00b204b54c&payer_id=XHP9Q2WJWEYAC&receiver_id=DU5NTK47BPPE6&payment_status=Completed&payment_fee=0.59&mc_fee=0.59&mc_gross=9.99&custom=2-1&charset=windows-1252&notify_version=3.8&ipn_track_id=6b4f035b3a5cd",
        "response": "VERIFIED",
        "created_at": "2017-03-14T13:44:14.874Z",
        "updated_at": "2017-03-14T13:44:15.002Z",
        "from_view": ""
    }
},
{
    "model": "ipn.paypalipn",
    "pk": 4,
    "fields": {
        "business": "meganemilyduffy@gmail.com",
        "charset": "windows-1252",
        "custom": "2-1",
        "notify_version": "3.80",
        "parent_txn_id": "",
        "receiver_email": "meganemilyduffy@gmail.com",
        "receiver_id": "DU5NTK47BPPE6",
        "residence_country": "US",
        "test_ipn": true,
        "txn_id": "1YX98411WA300723K",
        "txn_type": "subscr_payment",
        "verify_sign": "AGs52InFHk3cJ5j80u2Udq.A26J4AO5KuNlJUQ5uCrdpc7zrNkhrL5TA",
        "address_country": "",
        "address_city": "",
        "address_country_code": "",
        "address_name": "",
        "address_state": "",
        "address_status": "",
        "address_street": "",
        "address_zip": "",
        "contact_phone": "",
        "first_name": "Megin",
        "last_name": "Duffy",
        "payer_business_name": "",
        "payer_email": "megin@gmail.com",
        "payer_id": "XHP9Q2WJWEYAC",
        "auth_amount": "0.00",
        "auth_exp": "",
        "auth_id": "",
        "auth_status": "",
        "exchange_rate": "0E-16",
        "invoice": "41d5ad2d-29aa-4e8b-88ee-0e00b204b54c",
        "item_name": "Natural Glow Magazine",
        "item_number": "",
        "mc_currency": "USD",
        "mc_fee": "0.59",
        "mc_gross": "9.99",
        "mc_handling": "0.00",
        "mc_shipping": "0.00",
        "memo": "",
        "num_cart_items": 0,
        "option_name1": "",
        "option_name2": "",
        "option_selection1": "",
        "option_selection2": "",
        "payer_status": "verified",
        "payment_date": "2017-03-14T13:44:01Z",
        "payment_gross": "9.99",
        "payment_status": "Completed",
        "payment_type": "instant",
        "pending_reason": "",
        "protection_eligibility": "Ineligible",
        "quantity": 1,
        "reason_code": "",
        "remaining_settle": "0.00",
        "settle_amount": "0.00",
        "settle_currency": "",
        "shipping": "0.00",
        "shipping_method": "",
        "tax": "0.00",
        "transaction_entity": "",
        "auction_buyer_id": "",
        "auction_closing_date": null,
        "auction_multi_item": 0,
        "for_auction": "0.00",
        "amount": "0.00",
        "amount_per_cycle": "0.00",
        "initial_payment_amount": "0.00",
        "next_payment_date": null,
        "outstanding_balance": "0.00",
        "payment_cycle": "",
        "period_type": "",
        "product_name": "",
        "product_type": "",
        "profile_status": "",
        "recurring_payment_id": "",
        "rp_invoice_id": "",
        "time_created": null,
        "amount1": "0.00",
        "amount2": "0.00",
        "amount3": "0.00",
        "mc_amount1": "0.00",
        "mc_amount2": "0.00",
        "mc_amount3": "0.00",
        "password": "",
        "period1": "",
        "period2": "",
        "period3": "",
        "reattempt": "",
        "recur_times": 0,
        "recurring": "",
        "retry_at": null,
        "subscr_date": null,
        "subscr_effective": null,
        "subscr_id": "I-JB1DJN34TPRV",
        "username": "",
        "mp_id": "",
        "case_creation_date": null,
        "case_id": "",
        "case_type": "",
        "receipt_id": "",
        "currency_code": "USD",
        "handling_amount": "0.00",
        "transaction_subject": "Natural Glow Magazine",
        "ipaddress": "127.0.0.1",
        "flag": true,
        "flag_code": "",
        "flag_info": "Duplicate txn_id. (1YX98411WA300723K)",
        "query": "transaction_subject=Natural+Glow+Magazine&payment_date=06%3A44%3A01+Mar+14%2C+2017+PDT&txn_type=subscr_payment&subscr_id=I-JB1DJN34TPRV&last_name=Duffy&residence_country=US&item_name=Natural+Glow+Magazine&payment_gross=9.99&mc_currency=USD&business=meganemilyduffy%40gmail.com&payment_type=instant&protection_eligibility=Ineligible&verify_sign=AGs52InFHk3cJ5j80u2Udq.A26J4AO5KuNlJUQ5uCrdpc7zrNkhrL5TA&payer_status=verified&test_ipn=1&payer_email=megin%40gmail.com&txn_id=1YX98411WA300723K&receiver_email=meganemilyduffy%40gmail.com&first_name=Megin&invoice=41d5ad2d-29aa-4e8b-88ee-0e00b204b54c&payer_id=XHP9Q2WJWEYAC&receiver_id=DU5NTK47BPPE6&payment_status=Completed&payment_fee=0.59&mc_fee=0.59&mc_gross=9.99&custom=2-1&charset=windows-1252&notify_version=3.8&ipn_track_id=6b4f035b3a5cd",
        "response": "VERIFIED",
        "created_at": "2017-03-14T13:44:33.078Z",
        "updated_at": "2017-03-14T13:44:33.188Z",
        "from_view": ""
    }
},
{
    "model": "ipn.paypalipn",
    "pk": 5,
    "fields": {
        "business": "meganemilyduffy@gmail.com",
        "charset": "windows-1252",
        "custom": "1-1",
        "notify_version": "3.80",
        "parent_txn_id": "",
        "receiver_email": "meganemilyduffy@gmail.com",
        "receiver_id": "",
        "residence_country": "US",
        "test_ipn": true,
        "txn_id": "",
        "txn_type": "subscr_signup",
        "verify_sign": "A21kmBLyRcQpDSjYvmswlm3ckjahAtGpfSae0YAQDauYlKxmfYIi0sh2",
        "address_country": "",
        "address_city": "",
        "address_country_code": "",
        "address_name": "",
        "address_state": "",
        "address_status": "",
        "address_street": "",
        "address_zip": "",
        "contact_phone": "",
        "first_name": "Megin",
        "last_name": "Duffy",
        "payer_business_name": "",
        "payer_email": "megin@gmail.com",
        "payer_id": "XHP9Q2WJWEYAC",
        "auth_amount": "0.00",
        "auth_exp": "",
        "auth_id": "",
        "auth_status": "",
        "exchange_rate": "0E-16",
        "invoice": "8442f211-c6dc-48d8-a877-abbf10655fab",
        "item_name": "PyLadies Magazine",
        "item_number": "",
        "mc_currency": "USD",
        "mc_fee": "0.00",
        "mc_gross": "0.00",
        "mc_handling": "0.00",
        "mc_shipping": "0.00",
        "memo": "",
        "num_cart_items": 0,
        "option_name1": "",
        "option_name2": "",
        "option_selection1": "",
        "option_selection2": "",
        "payer_status": "verified",
        "payment_date": null,
        "payment_gross": "0.00",
        "payment_status": "",
        "payment_type": "",
        "pending_reason": "",
        "protection_eligibility": "",
        "quantity": 1,
        "reason_code": "",
        "remaining_settle": "0.00",
        "settle_amount": "0.00",
        "settle_currency": "",
        "shipping": "0.00",
        "shipping_method": "",
        "tax": "0.00",
        "transaction_entity": "",
        "auction_buyer_id": "",
        "auction_closing_date": null,
        "auction_multi_item": 0,
        "for_auction": "0.00",
        "amount": "0.00",
        "amount_per_cycle": "0.00",
        "initial_payment_amount": "0.00",
        "next_payment_date": null,
        "outstanding_balance": "0.00",
        "payment_cycle": "",
        "period_type": "",
        "product_name": "",
        "product_type": "",
        "profile_status": "",
        "recurring_payment_id": "",
        "rp_invoice_id": "",
        "time_created": null,
        "amount1": "0.00",
        "amount2": "0.00",
        "amount3": "9.99",
        "mc_amount1": "0.00",
        "mc_amount2": "0.00",
        "mc_amount3": "9.99",
        "password": "",
        "period1": "",
        "period2": "",
        "period3": "1 M",
        "reattempt": "1",
        "recur_times": 0,
        "recurring": "1",
        "retry_at": null,
        "subscr_date": "2017-03-14T13:41:24Z",
        "subscr_effective": null,
        "subscr_id": "I-C0DRRT1KTAK2",
        "username": "",
        "mp_id": "",
        "case_creation_date": null,
        "case_id": "",
        "case_type": "",
        "receipt_id": "",
        "currency_code": "USD",
        "handling_amount": "0.00",
        "transaction_subject": "",
        "ipaddress": "127.0.0.1",
        "flag": false,
        "flag_code": "",
        "flag_info": "",
        "query": "txn_type=subscr_signup&subscr_id=I-C0DRRT1KTAK2&last_name=Duffy&residence_country=US&mc_currency=USD&item_name=PyLadies+Magazine&business=meganemilyduffy%40gmail.com&amount3=9.99&recurring=1&verify_sign=A21kmBLyRcQpDSjYvmswlm3ckjahAtGpfSae0YAQDauYlKxmfYIi0sh2&payer_status=verified&test_ipn=1&payer_email=megin%40gmail.com&first_name=Megin&receiver_email=meganemilyduffy%40gmail.com&payer_id=XHP9Q2WJWEYAC&invoice=8442f211-c6dc-48d8-a877-abbf10655fab&reattempt=1&subscr_date=06%3A41%3A24+Mar+14%2C+2017+PDT&custom=1-1&charset=windows-1252&notify_version=3.8&period3=1+M&mc_amount3=9.99&ipn_track_id=2a9e8f7dc8ba0",
        "response": "VERIFIED",
        "created_at": "2017-03-14T13:45:07.063Z",
        "updated_at": "2017-03-14T13:45:07.160Z",
        "from_view": ""
    }
},
{
    "model": "ipn.paypalipn",
    "pk": 6,
    "fields": {
        "business": "meganemilyduffy@gmail.com",
        "charset": "windows-1252",
        "custom": "1-1",
        "notify_version": "3.80",
        "parent_txn_id": "",
        "receiver_email": "meganemilyduffy@gmail.com",
        "receiver_id": "DU5NTK47BPPE6",
        "residence_country": "US",
        "test_ipn": true,
        "txn_id": "48D53967MG645704V",
        "txn_type": "subscr_payment",
        "verify_sign": "AIkKNboJiyuxWLOHUlzTd3lpqCSxAeRQ4qK3fqkKDVCZiCb0EmGQKYfR",
        "address_country": "",
        "address_city": "",
        "address_country_code": "",
        "address_name": "",
        "address_state": "",
        "address_status": "",
        "address_street": "",
        "address_zip": "",
        "contact_phone": "",
        "first_name": "Megin",
        "last_name": "Duffy",
        "payer_business_name": "",
        "payer_email": "megin@gmail.com",
        "payer_id": "XHP9Q2WJWEYAC",
        "auth_amount": "0.00",
        "auth_exp": "",
        "auth_id": "",
        "auth_status": "",
        "exchange_rate": "0E-16",
        "invoice": "8442f211-c6dc-48d8-a877-abbf10655fab",
        "item_name": "PyLadies Magazine",
        "item_number": "",
        "mc_currency": "USD",
        "mc_fee": "0.59",
        "mc_gross": "9.99",
        "mc_handling": "0.00",
        "mc_shipping": "0.00",
        "memo": "",
        "num_cart_items": 0,
        "option_name1": "",
        "option_name2": "",
        "option_selection1": "",
        "option_selection2": "",
        "payer_status": "verified",
        "payment_date": "2017-03-14T13:41:27Z",
        "payment_gross": "9.99",
        "payment_status": "Completed",
        "payment_type": "instant",
        "pending_reason": "",
        "protection_eligibility": "Ineligible",
        "quantity": 1,
        "reason_code": "",
        "remaining_settle": "0.00",
        "settle_amount": "0.00",
        "settle_currency": "",
        "shipping": "0.00",
        "shipping_method": "",
        "tax": "0.00",
        "transaction_entity": "",
        "auction_buyer_id": "",
        "auction_closing_date": null,
        "auction_multi_item": 0,
        "for_auction": "0.00",
        "amount": "0.00",
        "amount_per_cycle": "0.00",
        "initial_payment_amount": "0.00",
        "next_payment_date": null,
        "outstanding_balance": "0.00",
        "payment_cycle": "",
        "period_type": "",
        "product_name": "",
        "product_type": "",
        "profile_status": "",
        "recurring_payment_id": "",
        "rp_invoice_id": "",
        "time_created": null,
        "amount1": "0.00",
        "amount2": "0.00",
        "amount3": "0.00",
        "mc_amount1": "0.00",
        "mc_amount2": "0.00",
        "mc_amount3": "0.00",
        "password": "",
        "period1": "",
        "period2": "",
        "period3": "",
        "reattempt": "",
        "recur_times": 0,
        "recurring": "",
        "retry_at": null,
        "subscr_date": null,
        "subscr_effective": null,
        "subscr_id": "I-C0DRRT1KTAK2",
        "username": "",
        "mp_id": "",
        "case_creation_date": null,
        "case_id": "",
        "case_type": "",
        "receipt_id": "",
        "currency_code": "USD",
        "handling_amount": "0.00",
        "transaction_subject": "PyLadies Magazine",
        "ipaddress": "127.0.0.1",
        "flag": true,
        "flag_code": "",
        "flag_info": "Duplicate txn_id. (48D53967MG645704V)",
        "query": "transaction_subject=PyLadies+Magazine&payment_date=06%3A41%3A27+Mar+14%2C+2017+PDT&txn_type=subscr_payment&subscr_id=I-C0DRRT1KTAK2&last_name=Duffy&residence_country=US&item_name=PyLadies+Magazine&payment_gross=9.99&mc_currency=USD&business=meganemilyduffy%40gmail.com&payment_type=instant&protection_eligibility=Ineligible&verify_sign=AIkKNboJiyuxWLOHUlzTd3lpqCSxAeRQ4qK3fqkKDVCZiCb0EmGQKYfR&payer_status=verified&test_ipn=1&payer_email=megin%40gmail.com&txn_id=48D53967MG645704V&receiver_email=meganemilyduffy%40gmail.com&first_name=Megin&invoice=8442f211-c6dc-48d8-a877-abbf10655fab&payer_id=XHP9Q2WJWEYAC&receiver_id=DU5NTK47BPPE6&payment_status=Completed&payment_fee=0.59&mc_fee=0.59&mc_gross=9.99&custom=1-1&charset=windows-1252&notify_version=3.8&ipn_track_id=2a9e8f7dc8ba0",
        "response": "VERIFIED",
        "created_at": "2017-03-14T13:45:07.194Z",
        "updated_at": "2017-03-14T13:45:07.516Z",
        "from_view": ""
    }
},
{
    "model": "ipn.paypalipn",
    "pk": 7,
    "fields": {
        "business": "meganemilyduffy@gmail.com",
        "charset": "windows-1252",
        "custom": "2-1",
        "notify_version": "3.80",
        "parent_txn_id": "",
        "receiver_email": "meganemilyduffy@gmail.com",
        "receiver_id": "",
        "residence_country": "US",
        "test_ipn": true,
        "txn_id": "",
        "txn_type": "subscr_signup",
        "verify_sign": "AKwUpvimaCAfmfJ-.PhckWeGqTcrAhyNNiONzBnHBLm4G6NZ2tfaERoe",
        "address_country": "",
        "address_city": "",
        "address_country_code": "",
        "address_name": "",
        "address_state": "",
        "address_status": "",
        "address_street": "",
        "address_zip": "",
        "contact_phone": "",
        "first_name": "Megin",
        "last_name": "Duffy",
        "payer_business_name": "",
        "payer_email": "megin@gmail.com",
        "payer_id": "XHP9Q2WJWEYAC",
        "auth_amount": "0.00",
        "auth_exp": "",
        "auth_id": "",
        "auth_status": "",
        "exchange_rate": "0E-16",
        "invoice": "41d5ad2d-29aa-4e8b-88ee-0e00b204b54c",
        "item_name": "Natural Glow Magazine",
        "item_number": "",
        "mc_currency": "USD",
        "mc_fee": "0.00",
        "mc_gross": "0.00",
        "mc_handling": "0.00",
        "mc_shipping": "0.00",
        "memo": "",
        "num_cart_items": 0,
        "option_name1": "",
        "option_name2": "",
        "option_selection1": "",
        "option_selection2": "",
        "payer_status": "verified",
        "payment_date": null,
        "payment_gross": "0.00",
        "payment_status": "",
        "payment_type": "",
        "pending_reason": "",
        "protection_eligibility": "",
        "quantity": 1,
        "reason_code": "",
        "remaining_settle": "0.00",
        "settle_amount": "0.00",
        "settle_currency": "",
        "shipping": "0.00",
        "shipping_method": "",
        "tax": "0.00",
        "transaction_entity": "",
        "auction_buyer_id": "",
        "auction_closing_date": null,
        "auction_multi_item": 0,
        "for_auction": "0.00",
        "amount": "0.00",
        "amount_per_cycle": "0.00",
        "initial_payment_amount": "0.00",
        "next_payment_date": null,
        "outstanding_balance": "0.00",
        "payment_cycle": "",
        "period_type": "",
        "product_name": "",
        "product_type": "",
        "profile_status": "",
        "recurring_payment_id": "",
        "rp_invoice_id": "",
        "time_created": null,
        "amount1": "0.00",
        "amount2": "0.00",
        "amount3": "9.99",
        "mc_amount1": "0.00",
        "mc_amount2": "0.00",
        "mc_amount3": "9.99",
        "password": "",
        "period1": "",
        "period2": "",
        "period3": "1 M",
        "reattempt": "1",
        "recur_times": 0,
        "recurring": "1",
        "retry_at": null,
        "subscr_date": "2017-03-14T13:43:57Z",
        "subscr_effective": null,
        "subscr_id": "I-JB1DJN34TPRV",
        "username": "",
        "mp_id": "",
        "case_creation_date": null,
        "case_id": "",
        "case_type": "",
        "receipt_id": "",
        "currency_code": "USD",
        "handling_amount": "0.00",
        "transaction_subject": "",
        "ipaddress": "127.0.0.1",
        "flag": false,
        "flag_code": "",
        "flag_info": "",
        "query": "txn_type=subscr_signup&subscr_id=I-JB1DJN34TPRV&last_name=Duffy&residence_country=US&mc_currency=USD&item_name=Natural+Glow+Magazine&business=meganemilyduffy%40gmail.com&amount3=9.99&recurring=1&verify_sign=AKwUpvimaCAfmfJ-.PhckWeGqTcrAhyNNiONzBnHBLm4G6NZ2tfaERoe&payer_status=verified&test_ipn=1&payer_email=megin%40gmail.com&first_name=Megin&receiver_email=meganemilyduffy%40gmail.com&payer_id=XHP9Q2WJWEYAC&invoice=41d5ad2d-29aa-4e8b-88ee-0e00b204b54c&reattempt=1&subscr_date=06%3A43%3A57+Mar+14%2C+2017+PDT&custom=2-1&charset=windows-1252&notify_version=3.8&period3=1+M&mc_amount3=9.99&ipn_track_id=6b4f035b3a5cd",
        "response": "VERIFIED",
        "created_at": "2017-03-14T13:45:17.595Z",
        "updated_at": "2017-03-14T13:45:17.730Z",
        "from_view": ""
    }
},
{
    "model": "ipn.paypalipn",
    "pk": 8,
    "fields": {
        "business": "meganemilyduffy@gmail.com",
        "charset": "windows-1252",
        "custom": "2-1",
        "notify_version": "3.80",
        "parent_txn_id": "",
        "receiver_email": "meganemilyduffy@gmail.com",
        "receiver_id": "",
        "residence_country": "US",
        "test_ipn": true,
        "txn_id": "",
        "txn_type": "subscr_signup",
        "verify_sign": "AKwUpvimaCAfmfJ-.PhckWeGqTcrAhyNNiONzBnHBLm4G6NZ2tfaERoe",
        "address_country": "",
        "address_city": "",
        "address_country_code": "",
        "address_name": "",
        "address_state": "",
        "address_status": "",
        "address_street": "",
        "address_zip": "",
        "contact_phone": "",
        "first_name": "Megin",
        "last_name": "Duffy",
        "payer_business_name": "",
        "payer_email": "megin@gmail.com",
        "payer_id": "XHP9Q2WJWEYAC",
        "auth_amount": "0.00",
        "auth_exp": "",
        "auth_id": "",
        "auth_status": "",
        "exchange_rate": "0E-16",
        "invoice": "41d5ad2d-29aa-4e8b-88ee-0e00b204b54c",
        "item_name": "Natural Glow Magazine",
        "item_number": "",
        "mc_currency": "USD",
        "mc_fee": "0.00",
        "mc_gross": "0.00",
        "mc_handling": "0.00",
        "mc_shipping": "0.00",
        "memo": "",
        "num_cart_items": 0,
        "option_name1": "",
        "option_name2": "",
        "option_selection1": "",
        "option_selection2": "",
        "payer_status": "verified",
        "payment_date": null,
        "payment_gross": "0.00",
        "payment_status": "",
        "payment_type": "",
        "pending_reason": "",
        "protection_eligibility": "",
        "quantity": 1,
        "reason_code": "",
        "remaining_settle": "0.00",
        "settle_amount": "0.00",
        "settle_currency": "",
        "shipping": "0.00",
        "shipping_method": "",
        "tax": "0.00",
        "transaction_entity": "",
        "auction_buyer_id": "",
        "auction_closing_date": null,
        "auction_multi_item": 0,
        "for_auction": "0.00",
        "amount": "0.00",
        "amount_per_cycle": "0.00",
        "initial_payment_amount": "0.00",
        "next_payment_date": null,
        "outstanding_balance": "0.00",
        "payment_cycle": "",
        "period_type": "",
        "product_name": "",
        "product_type": "",
        "profile_status": "",
        "recurring_payment_id": "",
        "rp_invoice_id": "",
        "time_created": null,
        "amount1": "0.00",
        "amount2": "0.00",
        "amount3": "9.99",
        "mc_amount1": "0.00",
        "mc_amount2": "0.00",
        "mc_amount3": "9.99",
        "password": "",
        "period1": "",
        "period2": "",
        "period3": "1 M",
        "reattempt": "1",
        "recur_times": 0,
        "recurring": "1",
        "retry_at": null,
        "subscr_date": "2017-03-14T13:43:57Z",
        "subscr_effective": null,
        "subscr_id": "I-JB1DJN34TPRV",
        "username": "",
        "mp_id": "",
        "case_creation_date": null,
        "case_id": "",
        "case_type": "",
        "receipt_id": "",
        "currency_code": "USD",
        "handling_amount": "0.00",
        "transaction_subject": "",
        "ipaddress": "127.0.0.1",
        "flag": false,
        "flag_code": "",
        "flag_info": "",
        "query": "txn_type=subscr_signup&subscr_id=I-JB1DJN34TPRV&last_name=Duffy&residence_country=US&mc_currency=USD&item_name=Natural+Glow+Magazine&business=meganemilyduffy%40gmail.com&amount3=9.99&recurring=1&verify_sign=AKwUpvimaCAfmfJ-.PhckWeGqTcrAhyNNiONzBnHBLm4G6NZ2tfaERoe&payer_status=verified&test_ipn=1&payer_email=megin%40gmail.com&first_name=Megin&receiver_email=meganemilyduffy%40gmail.com&payer_id=XHP9Q2WJWEYAC&invoice=41d5ad2d-29aa-4e8b-88ee-0e00b204b54c&reattempt=1&subscr_date=06%3A43%3A57+Mar+14%2C+2017+PDT&custom=2-1&charset=windows-1252&notify_version=3.8&period3=1+M&mc_amount3=9.99&ipn_track_id=6b4f035b3a5cd",
        "response": "VERIFIED",
        "created_at": "2017-03-14T13:45:59.504Z",
        "updated_at": "2017-03-14T13:45:59.602Z",
        "from_view": ""
    }
},
{
    "model": "ipn.paypalipn",
    "pk": 9,
    "fields": {
        "business": "meganemilyduffy@gmail.com",
        "charset": "windows-1252",
        "custom": "2-1",
        "notify_version": "3.80",
        "parent_txn_id": "",
        "receiver_email": "meganemilyduffy@gmail.com",
        "receiver_id": "",
        "residence_country": "US",
        "test_ipn": true,
        "txn_id": "",
        "txn_type": "subscr_signup",
        "verify_sign": "AKwUpvimaCAfmfJ-.PhckWeGqTcrAhyNNiONzBnHBLm4G6NZ2tfaERoe",
        "address_country": "",
        "address_city": "",
        "address_country_code": "",
        "address_name": "",
        "address_state": "",
        "address_status": "",
        "address_street": "",
        "address_zip": "",
        "contact_phone": "",
        "first_name": "Megin",
        "last_name": "Duffy",
        "payer_business_name": "",
        "payer_email": "megin@gmail.com",
        "payer_id": "XHP9Q2WJWEYAC",
        "auth_amount": "0.00",
        "auth_exp": "",
        "auth_id": "",
        "auth_status": "",
        "exchange_rate": "0E-16",
        "invoice": "41d5ad2d-29aa-4e8b-88ee-0e00b204b54c",
        "item_name": "Natural Glow Magazine",
        "item_number": "",
        "mc_currency": "USD",
        "mc_fee": "0.00",
        "mc_gross": "0.00",
        "mc_handling": "0.00",
        "mc_shipping": "0.00",
        "memo": "",
        "num_cart_items": 0,
        "option_name1": "",
        "option_name2": "",
        "option_selection1": "",
        "option_selection2": "",
        "payer_status": "verified",
        "payment_date": null,
        "payment_gross": "0.00",
        "payment_status": "",
        "payment_type": "",
        "pending_reason": "",
        "protection_eligibility": "",
        "quantity": 1,
        "reason_code": "",
        "remaining_settle": "0.00",
        "settle_amount": "0.00",
        "settle_currency": "",
        "shipping": "0.00",
        "shipping_method": "",
        "tax": "0.00",
        "transaction_entity": "",
        "auction_buyer_id": "",
        "auction_closing_date": null,
        "auction_multi_item": 0,
        "for_auction": "0.00",
        "amount": "0.00",
        "amount_per_cycle": "0.00",
        "initial_payment_amount": "0.00",
        "next_payment_date": null,
        "outstanding_balance": "0.00",
        "payment_cycle": "",
        "period_type": "",
        "product_name": "",
        "product_type": "",
        "profile_status": "",
        "recurring_payment_id": "",
        "rp_invoice_id": "",
        "time_created": null,
        "amount1": "0.00",
        "amount2": "0.00",
        "amount3": "9.99",
        "mc_amount1": "0.00",
        "mc_amount2": "0.00",
        "mc_amount3": "9.99",
        "password": "",
        "period1": "",
        "period2": "",
        "period3": "1 M",
        "reattempt": "1",
        "recur_times": 0,
        "recurring": "1",
        "retry_at": null,
        "subscr_date": "2017-03-14T13:43:57Z",
        "subscr_effective": null,
        "subscr_id": "I-JB1DJN34TPRV",
        "username": "",
        "mp_id": "",
        "case_creation_date": null,
        "case_id": "",
        "case_type": "",
        "receipt_id": "",
        "currency_code": "USD",
        "handling_amount": "0.00",
        "transaction_subject": "",
        "ipaddress": "127.0.0.1",
        "flag": false,
        "flag_code": "",
        "flag_info": "",
        "query": "txn_type=subscr_signup&subscr_id=I-JB1DJN34TPRV&last_name=Duffy&residence_country=US&mc_currency=USD&item_name=Natural+Glow+Magazine&business=meganemilyduffy%40gmail.com&amount3=9.99&recurring=1&verify_sign=AKwUpvimaCAfmfJ-.PhckWeGqTcrAhyNNiONzBnHBLm4G6NZ2tfaERoe&payer_status=verified&test_ipn=1&payer_email=megin%40gmail.com&first_name=Megin&receiver_email=meganemilyduffy%40gmail.com&payer_id=XHP9Q2WJWEYAC&invoice=41d5ad2d-29aa-4e8b-88ee-0e00b204b54c&reattempt=1&subscr_date=06%3A43%3A57+Mar+14%2C+2017+PDT&custom=2-1&charset=windows-1252&notify_version=3.8&period3=1+M&mc_amount3=9.99&ipn_track_id=6b4f035b3a5cd",
        "response": "VERIFIED",
        "created_at": "2017-03-14T13:46:46.839Z",
        "updated_at": "2017-03-14T13:46:47.041Z",
        "from_view": ""
    }
},
{
    "model": "ipn.paypalipn",
    "pk": 10,
    "fields": {
        "business": "meganemilyduffy@gmail.com",
        "charset": "windows-1252",
        "custom": "1-2",
        "notify_version": "3.80",
        "parent_txn_id": "",
        "receiver_email": "meganemilyduffy@gmail.com",
        "receiver_id": "",
        "residence_country": "US",
        "test_ipn": true,
        "txn_id": "",
        "txn_type": "subscr_signup",
        "verify_sign": "AE.pCRu8dAgEChKtiAO8IAX666.2A.UgCOpSFsbpZ2s5GkNuO9UR9DEP",
        "address_country": "",
        "address_city": "",
        "address_country_code": "",
        "address_name": "",
        "address_state": "",
        "address_status": "",
        "address_street": "",
        "address_zip": "",
        "contact_phone": "",
        "first_name": "Megin",
        "last_name": "Duffy",
        "payer_business_name": "",
        "payer_email": "megin@gmail.com",
        "payer_id": "XHP9Q2WJWEYAC",
        "auth_amount": "0.00",
        "auth_exp": "",
        "auth_id": "",
        "auth_status": "",
        "exchange_rate": "0E-16",
        "invoice": "e1d2c1b4-1ce4-4ec3-90d6-f330b7857ac7",
        "item_name": "PyLadies Magazine",
        "item_number": "",
        "mc_currency": "USD",
        "mc_fee": "0.00",
        "mc_gross": "0.00",
        "mc_handling": "0.00",
        "mc_shipping": "0.00",
        "memo": "",
        "num_cart_items": 0,
        "option_name1": "",
        "option_name2": "",
        "option_selection1": "",
        "option_selection2": "",
        "payer_status": "verified",
        "payment_date": null,
        "payment_gross": "0.00",
        "payment_status": "",
        "payment_type": "",
        "pending_reason": "",
        "protection_eligibility": "",
        "quantity": 1,
        "reason_code": "",
        "remaining_settle": "0.00",
        "settle_amount": "0.00",
        "settle_currency": "",
        "shipping": "0.00",
        "shipping_method": "",
        "tax": "0.00",
        "transaction_entity": "",
        "auction_buyer_id": "",
        "auction_closing_date": null,
        "auction_multi_item": 0,
        "for_auction": "0.00",
        "amount": "0.00",
        "amount_per_cycle": "0.00",
        "initial_payment_amount": "0.00",
        "next_payment_date": null,
        "outstanding_balance": "0.00",
        "payment_cycle": "",
        "period_type": "",
        "product_name": "",
        "product_type": "",
        "profile_status": "",
        "recurring_payment_id": "",
        "rp_invoice_id": "",
        "time_created": null,
        "amount1": "0.00",
        "amount2": "0.00",
        "amount3": "9.99",
        "mc_amount1": "0.00",
        "mc_amount2": "0.00",
        "mc_amount3": "9.99",
        "password": "",
        "period1": "",
        "period2": "",
        "period3": "1 M",
        "reattempt": "1",
        "recur_times": 0,
        "recurring": "1",
        "retry_at": null,
        "subscr_date": "2017-03-14T13:47:26Z",
        "subscr_effective": null,
        "subscr_id": "I-RJ9LUA2ETNFB",
        "username": "",
        "mp_id": "",
        "case_creation_date": null,
        "case_id": "",
        "case_type": "",
        "receipt_id": "",
        "currency_code": "USD",
        "handling_amount": "0.00",
        "transaction_subject": "",
        "ipaddress": "127.0.0.1",
        "flag": false,
        "flag_code": "",
        "flag_info": "",
        "query": "txn_type=subscr_signup&subscr_id=I-RJ9LUA2ETNFB&last_name=Duffy&residence_country=US&mc_currency=USD&item_name=PyLadies+Magazine&business=meganemilyduffy%40gmail.com&amount3=9.99&recurring=1&verify_sign=AE.pCRu8dAgEChKtiAO8IAX666.2A.UgCOpSFsbpZ2s5GkNuO9UR9DEP&payer_status=verified&test_ipn=1&payer_email=megin%40gmail.com&first_name=Megin&receiver_email=meganemilyduffy%40gmail.com&payer_id=XHP9Q2WJWEYAC&invoice=e1d2c1b4-1ce4-4ec3-90d6-f330b7857ac7&reattempt=1&subscr_date=06%3A47%3A26+Mar+14%2C+2017+PDT&custom=1-2&charset=windows-1252&notify_version=3.8&period3=1+M&mc_amount3=9.99&ipn_track_id=245503f77ca6",
        "response": "VERIFIED",
        "created_at": "2017-03-14T13:47:44.080Z",
        "updated_at": "2017-03-14T13:47:44.195Z",
        "from_view": ""
    }
},
{
    "model": "ipn.paypalipn",
    "pk": 11,
    "fields": {
        "business": "meganemilyduffy@gmail.com",
        "charset": "windows-1252",
        "custom": "1-1",
        "notify_version": "3.80",
        "parent_txn_id": "",
        "receiver_email": "meganemilyduffy@gmail.com",
        "receiver_id": "",
        "residence_country": "US",
        "test_ipn": true,
        "txn_id": "",
        "txn_type": "subscr_signup",
        "verify_sign": "A21kmBLyRcQpDSjYvmswlm3ckjahAtGpfSae0YAQDauYlKxmfYIi0sh2",
        "address_country": "",
        "address_city": "",
        "address_country_code": "",
        "address_name": "",
        "address_state": "",
        "address_status": "",
        "address_street": "",
        "address_zip": "",
        "contact_phone": "",
        "first_name": "Megin",
        "last_name": "Duffy",
        "payer_business_name": "",
        "payer_email": "megin@gmail.com",
        "payer_id": "XHP9Q2WJWEYAC",
        "auth_amount": "0.00",
        "auth_exp": "",
        "auth_id": "",
        "auth_status": "",
        "exchange_rate": "0E-16",
        "invoice": "8442f211-c6dc-48d8-a877-abbf10655fab",
        "item_name": "PyLadies Magazine",
        "item_number": "",
        "mc_currency": "USD",
        "mc_fee": "0.00",
        "mc_gross": "0.00",
        "mc_handling": "0.00",
        "mc_shipping": "0.00",
        "memo": "",
        "num_cart_items": 0,
        "option_name1": "",
        "option_name2": "",
        "option_selection1": "",
        "option_selection2": "",
        "payer_status": "verified",
        "payment_date": null,
        "payment_gross": "0.00",
        "payment_status": "",
        "payment_type": "",
        "pending_reason": "",
        "protection_eligibility": "",
        "quantity": 1,
        "reason_code": "",
        "remaining_settle": "0.00",
        "settle_amount": "0.00",
        "settle_currency": "",
        "shipping": "0.00",
        "shipping_method": "",
        "tax": "0.00",
        "transaction_entity": "",
        "auction_buyer_id": "",
        "auction_closing_date": null,
        "auction_multi_item": 0,
        "for_auction": "0.00",
        "amount": "0.00",
        "amount_per_cycle": "0.00",
        "initial_payment_amount": "0.00",
        "next_payment_date": null,
        "outstanding_balance": "0.00",
        "payment_cycle": "",
        "period_type": "",
        "product_name": "",
        "product_type": "",
        "profile_status": "",
        "recurring_payment_id": "",
        "rp_invoice_id": "",
        "time_created": null,
        "amount1": "0.00",
        "amount2": "0.00",
        "amount3": "9.99",
        "mc_amount1": "0.00",
        "mc_amount2": "0.00",
        "mc_amount3": "9.99",
        "password": "",
        "period1": "",
        "period2": "",
        "period3": "1 M",
        "reattempt": "1",
        "recur_times": 0,
        "recurring": "1",
        "retry_at": null,
        "subscr_date": "2017-03-14T13:41:24Z",
        "subscr_effective": null,
        "subscr_id": "I-C0DRRT1KTAK2",
        "username": "",
        "mp_id": "",
        "case_creation_date": null,
        "case_id": "",
        "case_type": "",
        "receipt_id": "",
        "currency_code": "USD",
        "handling_amount": "0.00",
        "transaction_subject": "",
        "ipaddress": "127.0.0.1",
        "flag": false,
        "flag_code": "",
        "flag_info": "",
        "query": "txn_type=subscr_signup&subscr_id=I-C0DRRT1KTAK2&last_name=Duffy&residence_country=US&mc_currency=USD&item_name=PyLadies+Magazine&business=meganemilyduffy%40gmail.com&amount3=9.99&recurring=1&verify_sign=A21kmBLyRcQpDSjYvmswlm3ckjahAtGpfSae0YAQDauYlKxmfYIi0sh2&payer_status=verified&test_ipn=1&payer_email=megin%40gmail.com&first_name=Megin&receiver_email=meganemilyduffy%40gmail.com&payer_id=XHP9Q2WJWEYAC&invoice=8442f211-c6dc-48d8-a877-abbf10655fab&reattempt=1&subscr_date=06%3A41%3A24+Mar+14%2C+2017+PDT&custom=1-1&charset=windows-1252&notify_version=3.8&period3=1+M&mc_amount3=9.99&ipn_track_id=2a9e8f7dc8ba0",
        "response": "VERIFIED",
        "created_at": "2017-03-14T13:47:55.577Z",
        "updated_at": "2017-03-14T13:47:55.696Z",
        "from_view": ""
    }
},
{
    "model": "ipn.paypalipn",
    "pk": 12,
    "fields": {
        "business": "meganemilyduffy@gmail.com",
        "charset": "windows-1252",
        "custom": "1-2",
        "notify_version": "3.80",
        "parent_txn_id": "",
        "receiver_email": "meganemilyduffy@gmail.com",
        "receiver_id": "DU5NTK47BPPE6",
        "residence_country": "US",
        "test_ipn": true,
        "txn_id": "7DT50350BM841894X",
        "txn_type": "subscr_payment",
        "verify_sign": "A8RQ0F8gkUzMctcqZ4r9aZzwD7JUArGnDErkKp67mJql6VFkhkSvTEX3",
        "address_country": "",
        "address_city": "",
        "address_country_code": "",
        "address_name": "",
        "address_state": "",
        "address_status": "",
        "address_street": "",
        "address_zip": "",
        "contact_phone": "",
        "first_name": "Megin",
        "last_name": "Duffy",
        "payer_business_name": "",
        "payer_email": "megin@gmail.com",
        "payer_id": "XHP9Q2WJWEYAC",
        "auth_amount": "0.00",
        "auth_exp": "",
        "auth_id": "",
        "auth_status": "",
        "exchange_rate": "0E-16",
        "invoice": "e1d2c1b4-1ce4-4ec3-90d6-f330b7857ac7",
        "item_name": "PyLadies Magazine",
        "item_number": "",
        "mc_currency": "USD",
        "mc_fee": "0.59",
        "mc_gross": "9.99",
        "mc_handling": "0.00",
        "mc_shipping": "0.00",
        "memo": "",
        "num_cart_items": 0,
        "option_name1": "",
        "option_name2": "",
        "option_selection1": "",
        "option_selection2": "",
        "payer_status": "verified",
        "payment_date": "2017-03-14T13:47:29Z",
        "payment_gross": "9.99",
        "payment_status": "Completed",
        "payment_type": "instant",
        "pending_reason": "",
        "protection_eligibility": "Ineligible",
        "quantity": 1,
        "reason_code": "",
        "remaining_settle": "0.00",
        "settle_amount": "0.00",
        "settle_currency": "",
        "shipping": "0.00",
        "shipping_method": "",
        "tax": "0.00",
        "transaction_entity": "",
        "auction_buyer_id": "",
        "auction_closing_date": null,
        "auction_multi_item": 0,
        "for_auction": "0.00",
        "amount": "0.00",
        "amount_per_cycle": "0.00",
        "initial_payment_amount": "0.00",
        "next_payment_date": null,
        "outstanding_balance": "0.00",
        "payment_cycle": "",
        "period_type": "",
        "product_name": "",
        "product_type": "",
        "profile_status": "",
        "recurring_payment_id": "",
        "rp_invoice_id": "",
        "time_created": null,
        "amount1": "0.00",
        "amount2": "0.00",
        "amount3": "0.00",
        "mc_amount1": "0.00",
        "mc_amount2": "0.00",
        "mc_amount3": "0.00",
        "password": "",
        "period1": "",
        "period2": "",
        "period3": "",
        "reattempt": "",
        "recur_times": 0,
        "recurring": "",
        "retry_at": null,
        "subscr_date": null,
        "subscr_effective": null,
        "subscr_id": "I-RJ9LUA2ETNFB",
        "username": "",
        "mp_id": "",
        "case_creation_date": null,
        "case_id": "",
        "case_type": "",
        "receipt_id": "",
        "currency_code": "USD",
        "handling_amount": "0.00",
        "transaction_subject": "PyLadies Magazine",
        "ipaddress": "127.0.0.1",
        "flag": false,
        "flag_code": "",
        "flag_info": "",
        "query": "transaction_subject=PyLadies+Magazine&payment_date=06%3A47%3A29+Mar+14%2C+2017+PDT&txn_type=subscr_payment&subscr_id=I-RJ9LUA2ETNFB&last_name=Duffy&residence_country=US&item_name=PyLadies+Magazine&payment_gross=9.99&mc_currency=USD&business=meganemilyduffy%40gmail.com&payment_type=instant&protection_eligibility=Ineligible&verify_sign=A8RQ0F8gkUzMctcqZ4r9aZzwD7JUArGnDErkKp67mJql6VFkhkSvTEX3&payer_status=verified&test_ipn=1&payer_email=megin%40gmail.com&txn_id=7DT50350BM841894X&receiver_email=meganemilyduffy%40gmail.com&first_name=Megin&invoice=e1d2c1b4-1ce4-4ec3-90d6-f330b7857ac7&payer_id=XHP9Q2WJWEYAC&receiver_id=DU5NTK47BPPE6&payment_status=Completed&payment_fee=0.59&mc_fee=0.59&mc_gross=9.99&custom=1-2&charset=windows-1252&notify_version=3.8&ipn_track_id=245503f77ca6",
        "response": "VERIFIED",
        "created_at": "2017-03-14T13:48:09.160Z",
        "updated_at": "2017-03-14T13:48:09.273Z",
        "from_view": ""
    }
},
{
    "model": "ipn.paypalipn",
    "pk": 13,
    "fields": {
        "business": "meganemilyduffy@gmail.com",
        "charset": "windows-1252",
        "custom": "2-1",
        "notify_version": "3.80",
        "parent_txn_id": "",
        "receiver_email": "meganemilyduffy@gmail.com",
        "receiver_id": "",
        "residence_country": "US",
        "test_ipn": true,
        "txn_id": "",
        "txn_type": "subscr_signup",
        "verify_sign": "AKwUpvimaCAfmfJ-.PhckWeGqTcrAhyNNiONzBnHBLm4G6NZ2tfaERoe",
        "address_country": "",
        "address_city": "",
        "address_country_code": "",
        "address_name": "",
        "address_state": "",
        "address_status": "",
        "address_street": "",
        "address_zip": "",
        "contact_phone": "",
        "first_name": "Megin",
        "last_name": "Duffy",
        "payer_business_name": "",
        "payer_email": "megin@gmail.com",
        "payer_id": "XHP9Q2WJWEYAC",
        "auth_amount": "0.00",
        "auth_exp": "",
        "auth_id": "",
        "auth_status": "",
        "exchange_rate": "0E-16",
        "invoice": "41d5ad2d-29aa-4e8b-88ee-0e00b204b54c",
        "item_name": "Natural Glow Magazine",
        "item_number": "",
        "mc_currency": "USD",
        "mc_fee": "0.00",
        "mc_gross": "0.00",
        "mc_handling": "0.00",
        "mc_shipping": "0.00",
        "memo": "",
        "num_cart_items": 0,
        "option_name1": "",
        "option_name2": "",
        "option_selection1": "",
        "option_selection2": "",
        "payer_status": "verified",
        "payment_date": null,
        "payment_gross": "0.00",
        "payment_status": "",
        "payment_type": "",
        "pending_reason": "",
        "protection_eligibility": "",
        "quantity": 1,
        "reason_code": "",
        "remaining_settle": "0.00",
        "settle_amount": "0.00",
        "settle_currency": "",
        "shipping": "0.00",
        "shipping_method": "",
        "tax": "0.00",
        "transaction_entity": "",
        "auction_buyer_id": "",
        "auction_closing_date": null,
        "auction_multi_item": 0,
        "for_auction": "0.00",
        "amount": "0.00",
        "amount_per_cycle": "0.00",
        "initial_payment_amount": "0.00",
        "next_payment_date": null,
        "outstanding_balance": "0.00",
        "payment_cycle": "",
        "period_type": "",
        "product_name": "",
        "product_type": "",
        "profile_status": "",
        "recurring_payment_id": "",
        "rp_invoice_id": "",
        "time_created": null,
        "amount1": "0.00",
        "amount2": "0.00",
        "amount3": "9.99",
        "mc_amount1": "0.00",
        "mc_amount2": "0.00",
        "mc_amount3": "9.99",
        "password": "",
        "period1": "",
        "period2": "",
        "period3": "1 M",
        "reattempt": "1",
        "recur_times": 0,
        "recurring": "1",
        "retry_at": null,
        "subscr_date": "2017-03-14T13:43:57Z",
        "subscr_effective": null,
        "subscr_id": "I-JB1DJN34TPRV",
        "username": "",
        "mp_id": "",
        "case_creation_date": null,
        "case_id": "",
        "case_type": "",
        "receipt_id": "",
        "currency_code": "USD",
        "handling_amount": "0.00",
        "transaction_subject": "",
        "ipaddress": "127.0.0.1",
        "flag": false,
        "flag_code": "",
        "flag_info": "",
        "query": "txn_type=subscr_signup&subscr_id=I-JB1DJN34TPRV&last_name=Duffy&residence_country=US&mc_currency=USD&item_name=Natural+Glow+Magazine&business=meganemilyduffy%40gmail.com&amount3=9.99&recurring=1&verify_sign=AKwUpvimaCAfmfJ-.PhckWeGqTcrAhyNNiONzBnHBLm4G6NZ2tfaERoe&payer_status=verified&test_ipn=1&payer_email=megin%40gmail.com&first_name=Megin&receiver_email=meganemilyduffy%40gmail.com&payer_id=XHP9Q2WJWEYAC&invoice=41d5ad2d-29aa-4e8b-88ee-0e00b204b54c&reattempt=1&subscr_date=06%3A43%3A57+Mar+14%2C+2017+PDT&custom=2-1&charset=windows-1252&notify_version=3.8&period3=1+M&mc_amount3=9.99&ipn_track_id=6b4f035b3a5cd",
        "response": "VERIFIED",
        "created_at": "2017-03-14T13:48:11.212Z",
        "updated_at": "2017-03-14T13:48:11.337Z",
        "from_view": ""
    }
},
{
    "model": "ipn.paypalipn",
    "pk": 14,
    "fields": {
        "business": "meganemilyduffy@gmail.com",
        "charset": "windows-1252",
        "custom": "1-2",
        "notify_version": "3.80",
        "parent_txn_id": "",
        "receiver_email": "meganemilyduffy@gmail.com",
        "receiver_id": "DU5NTK47BPPE6",
        "residence_country": "US",
        "test_ipn": true,
        "txn_id": "7DT50350BM841894X",
        "txn_type": "subscr_payment",
        "verify_sign": "A8RQ0F8gkUzMctcqZ4r9aZzwD7JUArGnDErkKp67mJql6VFkhkSvTEX3",
        "address_country": "",
        "address_city": "",
        "address_country_code": "",
        "address_name": "",
        "address_state": "",
        "address_status": "",
        "address_street": "",
        "address_zip": "",
        "contact_phone": "",
        "first_name": "Megin",
        "last_name": "Duffy",
        "payer_business_name": "",
        "payer_email": "megin@gmail.com",
        "payer_id": "XHP9Q2WJWEYAC",
        "auth_amount": "0.00",
        "auth_exp": "",
        "auth_id": "",
        "auth_status": "",
        "exchange_rate": "0E-16",
        "invoice": "e1d2c1b4-1ce4-4ec3-90d6-f330b7857ac7",
        "item_name": "PyLadies Magazine",
        "item_number": "",
        "mc_currency": "USD",
        "mc_fee": "0.59",
        "mc_gross": "9.99",
        "mc_handling": "0.00",
        "mc_shipping": "0.00",
        "memo": "",
        "num_cart_items": 0,
        "option_name1": "",
        "option_name2": "",
        "option_selection1": "",
        "option_selection2": "",
        "payer_status": "verified",
        "payment_date": "2017-03-14T13:47:29Z",
        "payment_gross": "9.99",
        "payment_status": "Completed",
        "payment_type": "instant",
        "pending_reason": "",
        "protection_eligibility": "Ineligible",
        "quantity": 1,
        "reason_code": "",
        "remaining_settle": "0.00",
        "settle_amount": "0.00",
        "settle_currency": "",
        "shipping": "0.00",
        "shipping_method": "",
        "tax": "0.00",
        "transaction_entity": "",
        "auction_buyer_id": "",
        "auction_closing_date": null,
        "auction_multi_item": 0,
        "for_auction": "0.00",
        "amount": "0.00",
        "amount_per_cycle": "0.00",
        "initial_payment_amount": "0.00",
        "next_payment_date": null,
        "outstanding_balance": "0.00",
        "payment_cycle": "",
        "period_type": "",
        "product_name": "",
        "product_type": "",
        "profile_status": "",
        "recurring_payment_id": "",
        "rp_invoice_id": "",
        "time_created": null,
        "amount1": "0.00",
        "amount2": "0.00",
        "amount3": "0.00",
        "mc_amount1": "0.00",
        "mc_amount2": "0.00",
        "mc_amount3": "0.00",
        "password": "",
        "period1": "",
        "period2": "",
        "period3": "",
        "reattempt": "",
        "recur_times": 0,
        "recurring": "",
        "retry_at": null,
        "subscr_date": null,
        "subscr_effective": null,
        "subscr_id": "I-RJ9LUA2ETNFB",
        "username": "",
        "mp_id": "",
        "case_creation_date": null,
        "case_id": "",
        "case_type": "",
        "receipt_id": "",
        "currency_code": "USD",
        "handling_amount": "0.00",
        "transaction_subject": "PyLadies Magazine",
        "ipaddress": "127.0.0.1",
        "flag": true,
        "flag_code": "",
        "flag_info": "Duplicate txn_id. (7DT50350BM841894X)",
        "query": "transaction_subject=PyLadies+Magazine&payment_date=06%3A47%3A29+Mar+14%2C+2017+PDT&txn_type=subscr_payment&subscr_id=I-RJ9LUA2ETNFB&last_name=Duffy&residence_country=US&item_name=PyLadies+Magazine&payment_gross=9.99&mc_currency=USD&business=meganemilyduffy%40gmail.com&payment_type=instant&protection_eligibility=Ineligible&verify_sign=A8RQ0F8gkUzMctcqZ4r9aZzwD7JUArGnDErkKp67mJql6VFkhkSvTEX3&payer_status=verified&test_ipn=1&payer_email=megin%40gmail.com&txn_id=7DT50350BM841894X&receiver_email=meganemilyduffy%40gmail.com&first_name=Megin&invoice=e1d2c1b4-1ce4-4ec3-90d6-f330b7857ac7&payer_id=XHP9Q2WJWEYAC&receiver_id=DU5NTK47BPPE6&payment_status=Completed&payment_fee=0.59&mc_fee=0.59&mc_gross=9.99&custom=1-2&charset=windows-1252&notify_version=3.8&ipn_track_id=245503f77ca6",
        "response": "VERIFIED",
        "created_at": "2017-03-14T13:48:28.409Z",
        "updated_at": "2017-03-14T13:48:28.517Z",
        "from_view": ""
    }
},
{
    "model": "ipn.paypalipn",
    "pk": 15,
    "fields": {
        "business": "meganemilyduffy@gmail.com",
        "charset": "windows-1252",
        "custom": "2-1",
        "notify_version": "3.80",
        "parent_txn_id": "",
        "receiver_email": "meganemilyduffy@gmail.com",
        "receiver_id": "",
        "residence_country": "US",
        "test_ipn": true,
        "txn_id": "",
        "txn_type": "subscr_signup",
        "verify_sign": "AKwUpvimaCAfmfJ-.PhckWeGqTcrAhyNNiONzBnHBLm4G6NZ2tfaERoe",
        "address_country": "",
        "address_city": "",
        "address_country_code": "",
        "address_name": "",
        "address_state": "",
        "address_status": "",
        "address_street": "",
        "address_zip": "",
        "contact_phone": "",
        "first_name": "Megin",
        "last_name": "Duffy",
        "payer_business_name": "",
        "payer_email": "megin@gmail.com",
        "payer_id": "XHP9Q2WJWEYAC",
        "auth_amount": "0.00",
        "auth_exp": "",
        "auth_id": "",
        "auth_status": "",
        "exchange_rate": "0E-16",
        "invoice": "41d5ad2d-29aa-4e8b-88ee-0e00b204b54c",
        "item_name": "Natural Glow Magazine",
        "item_number": "",
        "mc_currency": "USD",
        "mc_fee": "0.00",
        "mc_gross": "0.00",
        "mc_handling": "0.00",
        "mc_shipping": "0.00",
        "memo": "",
        "num_cart_items": 0,
        "option_name1": "",
        "option_name2": "",
        "option_selection1": "",
        "option_selection2": "",
        "payer_status": "verified",
        "payment_date": null,
        "payment_gross": "0.00",
        "payment_status": "",
        "payment_type": "",
        "pending_reason": "",
        "protection_eligibility": "",
        "quantity": 1,
        "reason_code": "",
        "remaining_settle": "0.00",
        "settle_amount": "0.00",
        "settle_currency": "",
        "shipping": "0.00",
        "shipping_method": "",
        "tax": "0.00",
        "transaction_entity": "",
        "auction_buyer_id": "",
        "auction_closing_date": null,
        "auction_multi_item": 0,
        "for_auction": "0.00",
        "amount": "0.00",
        "amount_per_cycle": "0.00",
        "initial_payment_amount": "0.00",
        "next_payment_date": null,
        "outstanding_balance": "0.00",
        "payment_cycle": "",
        "period_type": "",
        "product_name": "",
        "product_type": "",
        "profile_status": "",
        "recurring_payment_id": "",
        "rp_invoice_id": "",
        "time_created": null,
        "amount1": "0.00",
        "amount2": "0.00",
        "amount3": "9.99",
        "mc_amount1": "0.00",
        "mc_amount2": "0.00",
        "mc_amount3": "9.99",
        "password": "",
        "period1": "",
        "period2": "",
        "period3": "1 M",
        "reattempt": "1",
        "recur_times": 0,
        "recurring": "1",
        "retry_at": null,
        "subscr_date": "2017-03-14T13:43:57Z",
        "subscr_effective": null,
        "subscr_id": "I-JB1DJN34TPRV",
        "username": "",
        "mp_id": "",
        "case_creation_date": null,
        "case_id": "",
        "case_type": "",
        "receipt_id": "",
        "currency_code": "USD",
        "handling_amount": "0.00",
        "transaction_subject": "",
        "ipaddress": "127.0.0.1",
        "flag": false,
        "flag_code": "",
        "flag_info": "",
        "query": "txn_type=subscr_signup&subscr_id=I-JB1DJN34TPRV&last_name=Duffy&residence_country=US&mc_currency=USD&item_name=Natural+Glow+Magazine&business=meganemilyduffy%40gmail.com&amount3=9.99&recurring=1&verify_sign=AKwUpvimaCAfmfJ-.PhckWeGqTcrAhyNNiONzBnHBLm4G6NZ2tfaERoe&payer_status=verified&test_ipn=1&payer_email=megin%40gmail.com&first_name=Megin&receiver_email=meganemilyduffy%40gmail.com&payer_id=XHP9Q2WJWEYAC&invoice=41d5ad2d-29aa-4e8b-88ee-0e00b204b54c&reattempt=1&subscr_date=06%3A43%3A57+Mar+14%2C+2017+PDT&custom=2-1&charset=windows-1252&notify_version=3.8&period3=1+M&mc_amount3=9.99&ipn_track_id=6b4f035b3a5cd",
        "response": "VERIFIED",
        "created_at": "2017-03-14T13:50:56.183Z",
        "updated_at": "2017-03-14T13:50:56.308Z",
        "from_view": ""
    }
},
{
    "model": "ipn.paypalipn",
    "pk": 16,
    "fields": {
        "business": "meganemilyduffy@gmail.com",
        "charset": "windows-1252",
        "custom": "1-1",
        "notify_version": "3.80",
        "parent_txn_id": "",
        "receiver_email": "meganemilyduffy@gmail.com",
        "receiver_id": "",
        "residence_country": "US",
        "test_ipn": true,
        "txn_id": "",
        "txn_type": "subscr_signup",
        "verify_sign": "A21kmBLyRcQpDSjYvmswlm3ckjahAtGpfSae0YAQDauYlKxmfYIi0sh2",
        "address_country": "",
        "address_city": "",
        "address_country_code": "",
        "address_name": "",
        "address_state": "",
        "address_status": "",
        "address_street": "",
        "address_zip": "",
        "contact_phone": "",
        "first_name": "Megin",
        "last_name": "Duffy",
        "payer_business_name": "",
        "payer_email": "megin@gmail.com",
        "payer_id": "XHP9Q2WJWEYAC",
        "auth_amount": "0.00",
        "auth_exp": "",
        "auth_id": "",
        "auth_status": "",
        "exchange_rate": "0E-16",
        "invoice": "8442f211-c6dc-48d8-a877-abbf10655fab",
        "item_name": "PyLadies Magazine",
        "item_number": "",
        "mc_currency": "USD",
        "mc_fee": "0.00",
        "mc_gross": "0.00",
        "mc_handling": "0.00",
        "mc_shipping": "0.00",
        "memo": "",
        "num_cart_items": 0,
        "option_name1": "",
        "option_name2": "",
        "option_selection1": "",
        "option_selection2": "",
        "payer_status": "verified",
        "payment_date": null,
        "payment_gross": "0.00",
        "payment_status": "",
        "payment_type": "",
        "pending_reason": "",
        "protection_eligibility": "",
        "quantity": 1,
        "reason_code": "",
        "remaining_settle": "0.00",
        "settle_amount": "0.00",
        "settle_currency": "",
        "shipping": "0.00",
        "shipping_method": "",
        "tax": "0.00",
        "transaction_entity": "",
        "auction_buyer_id": "",
        "auction_closing_date": null,
        "auction_multi_item": 0,
        "for_auction": "0.00",
        "amount": "0.00",
        "amount_per_cycle": "0.00",
        "initial_payment_amount": "0.00",
        "next_payment_date": null,
        "outstanding_balance": "0.00",
        "payment_cycle": "",
        "period_type": "",
        "product_name": "",
        "product_type": "",
        "profile_status": "",
        "recurring_payment_id": "",
        "rp_invoice_id": "",
        "time_created": null,
        "amount1": "0.00",
        "amount2": "0.00",
        "amount3": "9.99",
        "mc_amount1": "0.00",
        "mc_amount2": "0.00",
        "mc_amount3": "9.99",
        "password": "",
        "period1": "",
        "period2": "",
        "period3": "1 M",
        "reattempt": "1",
        "recur_times": 0,
        "recurring": "1",
        "retry_at": null,
        "subscr_date": "2017-03-14T13:41:24Z",
        "subscr_effective": null,
        "subscr_id": "I-C0DRRT1KTAK2",
        "username": "",
        "mp_id": "",
        "case_creation_date": null,
        "case_id": "",
        "case_type": "",
        "receipt_id": "",
        "currency_code": "USD",
        "handling_amount": "0.00",
        "transaction_subject": "",
        "ipaddress": "127.0.0.1",
        "flag": false,
        "flag_code": "",
        "flag_info": "",
        "query": "txn_type=subscr_signup&subscr_id=I-C0DRRT1KTAK2&last_name=Duffy&residence_country=US&mc_currency=USD&item_name=PyLadies+Magazine&business=meganemilyduffy%40gmail.com&amount3=9.99&recurring=1&verify_sign=A21kmBLyRcQpDSjYvmswlm3ckjahAtGpfSae0YAQDauYlKxmfYIi0sh2&payer_status=verified&test_ipn=1&payer_email=megin%40gmail.com&first_name=Megin&receiver_email=meganemilyduffy%40gmail.com&payer_id=XHP9Q2WJWEYAC&invoice=8442f211-c6dc-48d8-a877-abbf10655fab&reattempt=1&subscr_date=06%3A41%3A24+Mar+14%2C+2017+PDT&custom=1-1&charset=windows-1252&notify_version=3.8&period3=1+M&mc_amount3=9.99&ipn_track_id=2a9e8f7dc8ba0",
        "response": "VERIFIED",
        "created_at": "2017-03-14T13:53:23.251Z",
        "updated_at": "2017-03-14T13:53:23.335Z",
        "from_view": ""
    }
},
{
    "model": "ipn.paypalipn",
    "pk": 17,
    "fields": {
        "business": "meganemilyduffy@gmail.com",
        "charset": "windows-1252",
        "custom": "2-1",
        "notify_version": "3.80",
        "parent_txn_id": "",
        "receiver_email": "meganemilyduffy@gmail.com",
        "receiver_id": "",
        "residence_country": "US",
        "test_ipn": true,
        "txn_id": "",
        "txn_type": "subscr_signup",
        "verify_sign": "AKwUpvimaCAfmfJ-.PhckWeGqTcrAhyNNiONzBnHBLm4G6NZ2tfaERoe",
        "address_country": "",
        "address_city": "",
        "address_country_code": "",
        "address_name": "",
        "address_state": "",
        "address_status": "",
        "address_street": "",
        "address_zip": "",
        "contact_phone": "",
        "first_name": "Megin",
        "last_name": "Duffy",
        "payer_business_name": "",
        "payer_email": "megin@gmail.com",
        "payer_id": "XHP9Q2WJWEYAC",
        "auth_amount": "0.00",
        "auth_exp": "",
        "auth_id": "",
        "auth_status": "",
        "exchange_rate": "0E-16",
        "invoice": "41d5ad2d-29aa-4e8b-88ee-0e00b204b54c",
        "item_name": "Natural Glow Magazine",
        "item_number": "",
        "mc_currency": "USD",
        "mc_fee": "0.00",
        "mc_gross": "0.00",
        "mc_handling": "0.00",
        "mc_shipping": "0.00",
        "memo": "",
        "num_cart_items": 0,
        "option_name1": "",
        "option_name2": "",
        "option_selection1": "",
        "option_selection2": "",
        "payer_status": "verified",
        "payment_date": null,
        "payment_gross": "0.00",
        "payment_status": "",
        "payment_type": "",
        "pending_reason": "",
        "protection_eligibility": "",
        "quantity": 1,
        "reason_code": "",
        "remaining_settle": "0.00",
        "settle_amount": "0.00",
        "settle_currency": "",
        "shipping": "0.00",
        "shipping_method": "",
        "tax": "0.00",
        "transaction_entity": "",
        "auction_buyer_id": "",
        "auction_closing_date": null,
        "auction_multi_item": 0,
        "for_auction": "0.00",
        "amount": "0.00",
        "amount_per_cycle": "0.00",
        "initial_payment_amount": "0.00",
        "next_payment_date": null,
        "outstanding_balance": "0.00",
        "payment_cycle": "",
        "period_type": "",
        "product_name": "",
        "product_type": "",
        "profile_status": "",
        "recurring_payment_id": "",
        "rp_invoice_id": "",
        "time_created": null,
        "amount1": "0.00",
        "amount2": "0.00",
        "amount3": "9.99",
        "mc_amount1": "0.00",
        "mc_amount2": "0.00",
        "mc_amount3": "9.99",
        "password": "",
        "period1": "",
        "period2": "",
        "period3": "1 M",
        "reattempt": "1",
        "recur_times": 0,
        "recurring": "1",
        "retry_at": null,
        "subscr_date": "2017-03-14T13:43:57Z",
        "subscr_effective": null,
        "subscr_id": "I-JB1DJN34TPRV",
        "username": "",
        "mp_id": "",
        "case_creation_date": null,
        "case_id": "",
        "case_type": "",
        "receipt_id": "",
        "currency_code": "USD",
        "handling_amount": "0.00",
        "transaction_subject": "",
        "ipaddress": "127.0.0.1",
        "flag": false,
        "flag_code": "",
        "flag_info": "",
        "query": "txn_type=subscr_signup&subscr_id=I-JB1DJN34TPRV&last_name=Duffy&residence_country=US&mc_currency=USD&item_name=Natural+Glow+Magazine&business=meganemilyduffy%40gmail.com&amount3=9.99&recurring=1&verify_sign=AKwUpvimaCAfmfJ-.PhckWeGqTcrAhyNNiONzBnHBLm4G6NZ2tfaERoe&payer_status=verified&test_ipn=1&payer_email=megin%40gmail.com&first_name=Megin&receiver_email=meganemilyduffy%40gmail.com&payer_id=XHP9Q2WJWEYAC&invoice=41d5ad2d-29aa-4e8b-88ee-0e00b204b54c&reattempt=1&subscr_date=06%3A43%3A57+Mar+14%2C+2017+PDT&custom=2-1&charset=windows-1252&notify_version=3.8&period3=1+M&mc_amount3=9.99&ipn_track_id=6b4f035b3a5cd",
        "response": "VERIFIED",
        "created_at": "2017-03-14T13:56:23.689Z",
        "updated_at": "2017-03-14T13:56:23.792Z",
        "from_view": ""
    }
},
{
    "model": "ipn.paypalipn",
    "pk": 18,
    "fields": {
        "business": "meganemilyduffy@gmail.com",
        "charset": "windows-1252",
        "custom": "1-1",
        "notify_version": "3.80",
        "parent_txn_id": "",
        "receiver_email": "meganemilyduffy@gmail.com",
        "receiver_id": "",
        "residence_country": "US",
        "test_ipn": true,
        "txn_id": "",
        "txn_type": "subscr_signup",
        "verify_sign": "A21kmBLyRcQpDSjYvmswlm3ckjahAtGpfSae0YAQDauYlKxmfYIi0sh2",
        "address_country": "",
        "address_city": "",
        "address_country_code": "",
        "address_name": "",
        "address_state": "",
        "address_status": "",
        "address_street": "",
        "address_zip": "",
        "contact_phone": "",
        "first_name": "Megin",
        "last_name": "Duffy",
        "payer_business_name": "",
        "payer_email": "megin@gmail.com",
        "payer_id": "XHP9Q2WJWEYAC",
        "auth_amount": "0.00",
        "auth_exp": "",
        "auth_id": "",
        "auth_status": "",
        "exchange_rate": "0E-16",
        "invoice": "8442f211-c6dc-48d8-a877-abbf10655fab",
        "item_name": "PyLadies Magazine",
        "item_number": "",
        "mc_currency": "USD",
        "mc_fee": "0.00",
        "mc_gross": "0.00",
        "mc_handling": "0.00",
        "mc_shipping": "0.00",
        "memo": "",
        "num_cart_items": 0,
        "option_name1": "",
        "option_name2": "",
        "option_selection1": "",
        "option_selection2": "",
        "payer_status": "verified",
        "payment_date": null,
        "payment_gross": "0.00",
        "payment_status": "",
        "payment_type": "",
        "pending_reason": "",
        "protection_eligibility": "",
        "quantity": 1,
        "reason_code": "",
        "remaining_settle": "0.00",
        "settle_amount": "0.00",
        "settle_currency": "",
        "shipping": "0.00",
        "shipping_method": "",
        "tax": "0.00",
        "transaction_entity": "",
        "auction_buyer_id": "",
        "auction_closing_date": null,
        "auction_multi_item": 0,
        "for_auction": "0.00",
        "amount": "0.00",
        "amount_per_cycle": "0.00",
        "initial_payment_amount": "0.00",
        "next_payment_date": null,
        "outstanding_balance": "0.00",
        "payment_cycle": "",
        "period_type": "",
        "product_name": "",
        "product_type": "",
        "profile_status": "",
        "recurring_payment_id": "",
        "rp_invoice_id": "",
        "time_created": null,
        "amount1": "0.00",
        "amount2": "0.00",
        "amount3": "9.99",
        "mc_amount1": "0.00",
        "mc_amount2": "0.00",
        "mc_amount3": "9.99",
        "password": "",
        "period1": "",
        "period2": "",
        "period3": "1 M",
        "reattempt": "1",
        "recur_times": 0,
        "recurring": "1",
        "retry_at": null,
        "subscr_date": "2017-03-14T13:41:24Z",
        "subscr_effective": null,
        "subscr_id": "I-C0DRRT1KTAK2",
        "username": "",
        "mp_id": "",
        "case_creation_date": null,
        "case_id": "",
        "case_type": "",
        "receipt_id": "",
        "currency_code": "USD",
        "handling_amount": "0.00",
        "transaction_subject": "",
        "ipaddress": "127.0.0.1",
        "flag": false,
        "flag_code": "",
        "flag_info": "",
        "query": "txn_type=subscr_signup&subscr_id=I-C0DRRT1KTAK2&last_name=Duffy&residence_country=US&mc_currency=USD&item_name=PyLadies+Magazine&business=meganemilyduffy%40gmail.com&amount3=9.99&recurring=1&verify_sign=A21kmBLyRcQpDSjYvmswlm3ckjahAtGpfSae0YAQDauYlKxmfYIi0sh2&payer_status=verified&test_ipn=1&payer_email=megin%40gmail.com&first_name=Megin&receiver_email=meganemilyduffy%40gmail.com&payer_id=XHP9Q2WJWEYAC&invoice=8442f211-c6dc-48d8-a877-abbf10655fab&reattempt=1&subscr_date=06%3A41%3A24+Mar+14%2C+2017+PDT&custom=1-1&charset=windows-1252&notify_version=3.8&period3=1+M&mc_amount3=9.99&ipn_track_id=2a9e8f7dc8ba0",
        "response": "VERIFIED",
        "created_at": "2017-03-14T14:04:11.607Z",
        "updated_at": "2017-03-14T14:04:11.735Z",
        "from_view": ""
    }
},
{
    "model": "ipn.paypalipn",
    "pk": 19,
    "fields": {
        "business": "meganemilyduffy@gmail.com",
        "charset": "windows-1252",
        "custom": "2-1",
        "notify_version": "3.80",
        "parent_txn_id": "",
        "receiver_email": "meganemilyduffy@gmail.com",
        "receiver_id": "",
        "residence_country": "US",
        "test_ipn": true,
        "txn_id": "",
        "txn_type": "subscr_signup",
        "verify_sign": "AKwUpvimaCAfmfJ-.PhckWeGqTcrAhyNNiONzBnHBLm4G6NZ2tfaERoe",
        "address_country": "",
        "address_city": "",
        "address_country_code": "",
        "address_name": "",
        "address_state": "",
        "address_status": "",
        "address_street": "",
        "address_zip": "",
        "contact_phone": "",
        "first_name": "Megin",
        "last_name": "Duffy",
        "payer_business_name": "",
        "payer_email": "megin@gmail.com",
        "payer_id": "XHP9Q2WJWEYAC",
        "auth_amount": "0.00",
        "auth_exp": "",
        "auth_id": "",
        "auth_status": "",
        "exchange_rate": "0E-16",
        "invoice": "41d5ad2d-29aa-4e8b-88ee-0e00b204b54c",
        "item_name": "Natural Glow Magazine",
        "item_number": "",
        "mc_currency": "USD",
        "mc_fee": "0.00",
        "mc_gross": "0.00",
        "mc_handling": "0.00",
        "mc_shipping": "0.00",
        "memo": "",
        "num_cart_items": 0,
        "option_name1": "",
        "option_name2": "",
        "option_selection1": "",
        "option_selection2": "",
        "payer_status": "verified",
        "payment_date": null,
        "payment_gross": "0.00",
        "payment_status": "",
        "payment_type": "",
        "pending_reason": "",
        "protection_eligibility": "",
        "quantity": 1,
        "reason_code": "",
        "remaining_settle": "0.00",
        "settle_amount": "0.00",
        "settle_currency": "",
        "shipping": "0.00",
        "shipping_method": "",
        "tax": "0.00",
        "transaction_entity": "",
        "auction_buyer_id": "",
        "auction_closing_date": null,
        "auction_multi_item": 0,
        "for_auction": "0.00",
        "amount": "0.00",
        "amount_per_cycle": "0.00",
        "initial_payment_amount": "0.00",
        "next_payment_date": null,
        "outstanding_balance": "0.00",
        "payment_cycle": "",
        "period_type": "",
        "product_name": "",
        "product_type": "",
        "profile_status": "",
        "recurring_payment_id": "",
        "rp_invoice_id": "",
        "time_created": null,
        "amount1": "0.00",
        "amount2": "0.00",
        "amount3": "9.99",
        "mc_amount1": "0.00",
        "mc_amount2": "0.00",
        "mc_amount3": "9.99",
        "password": "",
        "period1": "",
        "period2": "",
        "period3": "1 M",
        "reattempt": "1",
        "recur_times": 0,
        "recurring": "1",
        "retry_at": null,
        "subscr_date": "2017-03-14T13:43:57Z",
        "subscr_effective": null,
        "subscr_id": "I-JB1DJN34TPRV",
        "username": "",
        "mp_id": "",
        "case_creation_date": null,
        "case_id": "",
        "case_type": "",
        "receipt_id": "",
        "currency_code": "USD",
        "handling_amount": "0.00",
        "transaction_subject": "",
        "ipaddress": "127.0.0.1",
        "flag": false,
        "flag_code": "",
        "flag_info": "",
        "query": "txn_type=subscr_signup&subscr_id=I-JB1DJN34TPRV&last_name=Duffy&residence_country=US&mc_currency=USD&item_name=Natural+Glow+Magazine&business=meganemilyduffy%40gmail.com&amount3=9.99&recurring=1&verify_sign=AKwUpvimaCAfmfJ-.PhckWeGqTcrAhyNNiONzBnHBLm4G6NZ2tfaERoe&payer_status=verified&test_ipn=1&payer_email=megin%40gmail.com&first_name=Megin&receiver_email=meganemilyduffy%40gmail.com&payer_id=XHP9Q2WJWEYAC&invoice=41d5ad2d-29aa-4e8b-88ee-0e00b204b54c&reattempt=1&subscr_date=06%3A43%3A57+Mar+14%2C+2017+PDT&custom=2-1&charset=windows-1252&notify_version=3.8&period3=1+M&mc_amount3=9.99&ipn_track_id=6b4f035b3a5cd",
        "response": "VERIFIED",
        "created_at": "2017-03-14T14:07:19.534Z",
        "updated_at": "2017-03-14T14:07:19.636Z",
        "from_view": ""
    }
},
{
    "model": "ipn.paypalipn",
    "pk": 20,
    "fields": {
        "business": "meganemilyduffy@gmail.com",
        "charset": "windows-1252",
        "custom": "1-1",
        "notify_version": "3.80",
        "parent_txn_id": "",
        "receiver_email": "meganemilyduffy@gmail.com",
        "receiver_id": "",
        "residence_country": "US",
        "test_ipn": true,
        "txn_id": "",
        "txn_type": "subscr_signup",
        "verify_sign": "A21kmBLyRcQpDSjYvmswlm3ckjahAtGpfSae0YAQDauYlKxmfYIi0sh2",
        "address_country": "",
        "address_city": "",
        "address_country_code": "",
        "address_name": "",
        "address_state": "",
        "address_status": "",
        "address_street": "",
        "address_zip": "",
        "contact_phone": "",
        "first_name": "Megin",
        "last_name": "Duffy",
        "payer_business_name": "",
        "payer_email": "megin@gmail.com",
        "payer_id": "XHP9Q2WJWEYAC",
        "auth_amount": "0.00",
        "auth_exp": "",
        "auth_id": "",
        "auth_status": "",
        "exchange_rate": "0E-16",
        "invoice": "8442f211-c6dc-48d8-a877-abbf10655fab",
        "item_name": "PyLadies Magazine",
        "item_number": "",
        "mc_currency": "USD",
        "mc_fee": "0.00",
        "mc_gross": "0.00",
        "mc_handling": "0.00",
        "mc_shipping": "0.00",
        "memo": "",
        "num_cart_items": 0,
        "option_name1": "",
        "option_name2": "",
        "option_selection1": "",
        "option_selection2": "",
        "payer_status": "verified",
        "payment_date": null,
        "payment_gross": "0.00",
        "payment_status": "",
        "payment_type": "",
        "pending_reason": "",
        "protection_eligibility": "",
        "quantity": 1,
        "reason_code": "",
        "remaining_settle": "0.00",
        "settle_amount": "0.00",
        "settle_currency": "",
        "shipping": "0.00",
        "shipping_method": "",
        "tax": "0.00",
        "transaction_entity": "",
        "auction_buyer_id": "",
        "auction_closing_date": null,
        "auction_multi_item": 0,
        "for_auction": "0.00",
        "amount": "0.00",
        "amount_per_cycle": "0.00",
        "initial_payment_amount": "0.00",
        "next_payment_date": null,
        "outstanding_balance": "0.00",
        "payment_cycle": "",
        "period_type": "",
        "product_name": "",
        "product_type": "",
        "profile_status": "",
        "recurring_payment_id": "",
        "rp_invoice_id": "",
        "time_created": null,
        "amount1": "0.00",
        "amount2": "0.00",
        "amount3": "9.99",
        "mc_amount1": "0.00",
        "mc_amount2": "0.00",
        "mc_amount3": "9.99",
        "password": "",
        "period1": "",
        "period2": "",
        "period3": "1 M",
        "reattempt": "1",
        "recur_times": 0,
        "recurring": "1",
        "retry_at": null,
        "subscr_date": "2017-03-14T13:41:24Z",
        "subscr_effective": null,
        "subscr_id": "I-C0DRRT1KTAK2",
        "username": "",
        "mp_id": "",
        "case_creation_date": null,
        "case_id": "",
        "case_type": "",
        "receipt_id": "",
        "currency_code": "USD",
        "handling_amount": "0.00",
        "transaction_subject": "",
        "ipaddress": "127.0.0.1",
        "flag": false,
        "flag_code": "",
        "flag_info": "",
        "query": "txn_type=subscr_signup&subscr_id=I-C0DRRT1KTAK2&last_name=Duffy&residence_country=US&mc_currency=USD&item_name=PyLadies+Magazine&business=meganemilyduffy%40gmail.com&amount3=9.99&recurring=1&verify_sign=A21kmBLyRcQpDSjYvmswlm3ckjahAtGpfSae0YAQDauYlKxmfYIi0sh2&payer_status=verified&test_ipn=1&payer_email=megin%40gmail.com&first_name=Megin&receiver_email=meganemilyduffy%40gmail.com&payer_id=XHP9Q2WJWEYAC&invoice=8442f211-c6dc-48d8-a877-abbf10655fab&reattempt=1&subscr_date=06%3A41%3A24+Mar+14%2C+2017+PDT&custom=1-1&charset=windows-1252&notify_version=3.8&period3=1+M&mc_amount3=9.99&ipn_track_id=2a9e8f7dc8ba0",
        "response": "VERIFIED",
        "created_at": "2017-03-14T14:25:37.314Z",
        "updated_at": "2017-03-14T14:25:37.446Z",
        "from_view": ""
    }
},
{
    "model": "ipn.paypalipn",
    "pk": 21,
    "fields": {
        "business": "meganemilyduffy@gmail.com",
        "charset": "windows-1252",
        "custom": "2-1",
        "notify_version": "3.80",
        "parent_txn_id": "",
        "receiver_email": "meganemilyduffy@gmail.com",
        "receiver_id": "",
        "residence_country": "US",
        "test_ipn": true,
        "txn_id": "",
        "txn_type": "subscr_signup",
        "verify_sign": "AKwUpvimaCAfmfJ-.PhckWeGqTcrAhyNNiONzBnHBLm4G6NZ2tfaERoe",
        "address_country": "",
        "address_city": "",
        "address_country_code": "",
        "address_name": "",
        "address_state": "",
        "address_status": "",
        "address_street": "",
        "address_zip": "",
        "contact_phone": "",
        "first_name": "Megin",
        "last_name": "Duffy",
        "payer_business_name": "",
        "payer_email": "megin@gmail.com",
        "payer_id": "XHP9Q2WJWEYAC",
        "auth_amount": "0.00",
        "auth_exp": "",
        "auth_id": "",
        "auth_status": "",
        "exchange_rate": "0E-16",
        "invoice": "41d5ad2d-29aa-4e8b-88ee-0e00b204b54c",
        "item_name": "Natural Glow Magazine",
        "item_number": "",
        "mc_currency": "USD",
        "mc_fee": "0.00",
        "mc_gross": "0.00",
        "mc_handling": "0.00",
        "mc_shipping": "0.00",
        "memo": "",
        "num_cart_items": 0,
        "option_name1": "",
        "option_name2": "",
        "option_selection1": "",
        "option_selection2": "",
        "payer_status": "verified",
        "payment_date": null,
        "payment_gross": "0.00",
        "payment_status": "",
        "payment_type": "",
        "pending_reason": "",
        "protection_eligibility": "",
        "quantity": 1,
        "reason_code": "",
        "remaining_settle": "0.00",
        "settle_amount": "0.00",
        "settle_currency": "",
        "shipping": "0.00",
        "shipping_method": "",
        "tax": "0.00",
        "transaction_entity": "",
        "auction_buyer_id": "",
        "auction_closing_date": null,
        "auction_multi_item": 0,
        "for_auction": "0.00",
        "amount": "0.00",
        "amount_per_cycle": "0.00",
        "initial_payment_amount": "0.00",
        "next_payment_date": null,
        "outstanding_balance": "0.00",
        "payment_cycle": "",
        "period_type": "",
        "product_name": "",
        "product_type": "",
        "profile_status": "",
        "recurring_payment_id": "",
        "rp_invoice_id": "",
        "time_created": null,
        "amount1": "0.00",
        "amount2": "0.00",
        "amount3": "9.99",
        "mc_amount1": "0.00",
        "mc_amount2": "0.00",
        "mc_amount3": "9.99",
        "password": "",
        "period1": "",
        "period2": "",
        "period3": "1 M",
        "reattempt": "1",
        "recur_times": 0,
        "recurring": "1",
        "retry_at": null,
        "subscr_date": "2017-03-14T13:43:57Z",
        "subscr_effective": null,
        "subscr_id": "I-JB1DJN34TPRV",
        "username": "",
        "mp_id": "",
        "case_creation_date": null,
        "case_id": "",
        "case_type": "",
        "receipt_id": "",
        "currency_code": "USD",
        "handling_amount": "0.00",
        "transaction_subject": "",
        "ipaddress": "127.0.0.1",
        "flag": false,
        "flag_code": "",
        "flag_info": "",
        "query": "txn_type=subscr_signup&subscr_id=I-JB1DJN34TPRV&last_name=Duffy&residence_country=US&mc_currency=USD&item_name=Natural+Glow+Magazine&business=meganemilyduffy%40gmail.com&amount3=9.99&recurring=1&verify_sign=AKwUpvimaCAfmfJ-.PhckWeGqTcrAhyNNiONzBnHBLm4G6NZ2tfaERoe&payer_status=verified&test_ipn=1&payer_email=megin%40gmail.com&first_name=Megin&receiver_email=meganemilyduffy%40gmail.com&payer_id=XHP9Q2WJWEYAC&invoice=41d5ad2d-29aa-4e8b-88ee-0e00b204b54c&reattempt=1&subscr_date=06%3A43%3A57+Mar+14%2C+2017+PDT&custom=2-1&charset=windows-1252&notify_version=3.8&period3=1+M&mc_amount3=9.99&ipn_track_id=6b4f035b3a5cd",
        "response": "VERIFIED",
        "created_at": "2017-03-14T14:28:53.732Z",
        "updated_at": "2017-03-14T14:28:53.866Z",
        "from_view": ""
    }
},
{
    "model": "ipn.paypalipn",
    "pk": 22,
    "fields": {
        "business": "meganemilyduffy@gmail.com",
        "charset": "windows-1252",
        "custom": "1-3",
        "notify_version": "3.80",
        "parent_txn_id": "",
        "receiver_email": "meganemilyduffy@gmail.com",
        "receiver_id": "",
        "residence_country": "US",
        "test_ipn": true,
        "txn_id": "",
        "txn_type": "subscr_signup",
        "verify_sign": "AiKZhEEPLJjSIccz.2M.tbyW5YFwAZfD21WO.61bQNC5q4RMb7I7zV6U",
        "address_country": "",
        "address_city": "",
        "address_country_code": "",
        "address_name": "",
        "address_state": "",
        "address_status": "",
        "address_street": "",
        "address_zip": "",
        "contact_phone": "",
        "first_name": "Megin",
        "last_name": "Duffy",
        "payer_business_name": "",
        "payer_email": "megin@gmail.com",
        "payer_id": "XHP9Q2WJWEYAC",
        "auth_amount": "0.00",
        "auth_exp": "",
        "auth_id": "",
        "auth_status": "",
        "exchange_rate": "0E-16",
        "invoice": "3a527218-b1da-4606-8f7c-099e127ad611",
        "item_name": "PyLadies Magazine",
        "item_number": "",
        "mc_currency": "USD",
        "mc_fee": "0.00",
        "mc_gross": "0.00",
        "mc_handling": "0.00",
        "mc_shipping": "0.00",
        "memo": "",
        "num_cart_items": 0,
        "option_name1": "",
        "option_name2": "",
        "option_selection1": "",
        "option_selection2": "",
        "payer_status": "verified",
        "payment_date": null,
        "payment_gross": "0.00",
        "payment_status": "",
        "payment_type": "",
        "pending_reason": "",
        "protection_eligibility": "",
        "quantity": 1,
        "reason_code": "",
        "remaining_settle": "0.00",
        "settle_amount": "0.00",
        "settle_currency": "",
        "shipping": "0.00",
        "shipping_method": "",
        "tax": "0.00",
        "transaction_entity": "",
        "auction_buyer_id": "",
        "auction_closing_date": null,
        "auction_multi_item": 0,
        "for_auction": "0.00",
        "amount": "0.00",
        "amount_per_cycle": "0.00",
        "initial_payment_amount": "0.00",
        "next_payment_date": null,
        "outstanding_balance": "0.00",
        "payment_cycle": "",
        "period_type": "",
        "product_name": "",
        "product_type": "",
        "profile_status": "",
        "recurring_payment_id": "",
        "rp_invoice_id": "",
        "time_created": null,
        "amount1": "0.00",
        "amount2": "0.00",
        "amount3": "9.99",
        "mc_amount1": "0.00",
        "mc_amount2": "0.00",
        "mc_amount3": "9.99",
        "password": "",
        "period1": "",
        "period2": "",
        "period3": "1 M",
        "reattempt": "1",
        "recur_times": 0,
        "recurring": "1",
        "retry_at": null,
        "subscr_date": "2017-03-14T15:17:43Z",
        "subscr_effective": null,
        "subscr_id": "I-E59UKVUHF882",
        "username": "",
        "mp_id": "",
        "case_creation_date": null,
        "case_id": "",
        "case_type": "",
        "receipt_id": "",
        "currency_code": "USD",
        "handling_amount": "0.00",
        "transaction_subject": "",
        "ipaddress": "127.0.0.1",
        "flag": false,
        "flag_code": "",
        "flag_info": "",
        "query": "txn_type=subscr_signup&subscr_id=I-E59UKVUHF882&last_name=Duffy&residence_country=US&mc_currency=USD&item_name=PyLadies+Magazine&business=meganemilyduffy%40gmail.com&amount3=9.99&recurring=1&verify_sign=AiKZhEEPLJjSIccz.2M.tbyW5YFwAZfD21WO.61bQNC5q4RMb7I7zV6U&payer_status=verified&test_ipn=1&payer_email=megin%40gmail.com&first_name=Megin&receiver_email=meganemilyduffy%40gmail.com&payer_id=XHP9Q2WJWEYAC&invoice=3a527218-b1da-4606-8f7c-099e127ad611&reattempt=1&subscr_date=08%3A17%3A43+Mar+14%2C+2017+PDT&custom=1-3&charset=windows-1252&notify_version=3.8&period3=1+M&mc_amount3=9.99&ipn_track_id=f9286aadeccf1",
        "response": "VERIFIED",
        "created_at": "2017-03-14T15:18:14.047Z",
        "updated_at": "2017-03-14T15:18:14.158Z",
        "from_view": ""
    }
},
{
    "model": "ipn.paypalipn",
    "pk": 23,
    "fields": {
        "business": "meganemilyduffy@gmail.com",
        "charset": "windows-1252",
        "custom": "1-3",
        "notify_version": "3.80",
        "parent_txn_id": "",
        "receiver_email": "meganemilyduffy@gmail.com",
        "receiver_id": "DU5NTK47BPPE6",
        "residence_country": "US",
        "test_ipn": true,
        "txn_id": "2C786098HC0376050",
        "txn_type": "subscr_payment",
        "verify_sign": "AQU0e5vuZCvSg-XJploSa.sGUDlpA.Ws40vANKuvJKCAERHH0lm8w-4n",
        "address_country": "",
        "address_city": "",
        "address_country_code": "",
        "address_name": "",
        "address_state": "",
        "address_status": "",
        "address_street": "",
        "address_zip": "",
        "contact_phone": "",
        "first_name": "Megin",
        "last_name": "Duffy",
        "payer_business_name": "",
        "payer_email": "megin@gmail.com",
        "payer_id": "XHP9Q2WJWEYAC",
        "auth_amount": "0.00",
        "auth_exp": "",
        "auth_id": "",
        "auth_status": "",
        "exchange_rate": "0E-16",
        "invoice": "3a527218-b1da-4606-8f7c-099e127ad611",
        "item_name": "PyLadies Magazine",
        "item_number": "",
        "mc_currency": "USD",
        "mc_fee": "0.59",
        "mc_gross": "9.99",
        "mc_handling": "0.00",
        "mc_shipping": "0.00",
        "memo": "",
        "num_cart_items": 0,
        "option_name1": "",
        "option_name2": "",
        "option_selection1": "",
        "option_selection2": "",
        "payer_status": "verified",
        "payment_date": "2017-03-14T15:17:46Z",
        "payment_gross": "9.99",
        "payment_status": "Completed",
        "payment_type": "instant",
        "pending_reason": "",
        "protection_eligibility": "Ineligible",
        "quantity": 1,
        "reason_code": "",
        "remaining_settle": "0.00",
        "settle_amount": "0.00",
        "settle_currency": "",
        "shipping": "0.00",
        "shipping_method": "",
        "tax": "0.00",
        "transaction_entity": "",
        "auction_buyer_id": "",
        "auction_closing_date": null,
        "auction_multi_item": 0,
        "for_auction": "0.00",
        "amount": "0.00",
        "amount_per_cycle": "0.00",
        "initial_payment_amount": "0.00",
        "next_payment_date": null,
        "outstanding_balance": "0.00",
        "payment_cycle": "",
        "period_type": "",
        "product_name": "",
        "product_type": "",
        "profile_status": "",
        "recurring_payment_id": "",
        "rp_invoice_id": "",
        "time_created": null,
        "amount1": "0.00",
        "amount2": "0.00",
        "amount3": "0.00",
        "mc_amount1": "0.00",
        "mc_amount2": "0.00",
        "mc_amount3": "0.00",
        "password": "",
        "period1": "",
        "period2": "",
        "period3": "",
        "reattempt": "",
        "recur_times": 0,
        "recurring": "",
        "retry_at": null,
        "subscr_date": null,
        "subscr_effective": null,
        "subscr_id": "I-E59UKVUHF882",
        "username": "",
        "mp_id": "",
        "case_creation_date": null,
        "case_id": "",
        "case_type": "",
        "receipt_id": "",
        "currency_code": "USD",
        "handling_amount": "0.00",
        "transaction_subject": "PyLadies Magazine",
        "ipaddress": "127.0.0.1",
        "flag": false,
        "flag_code": "",
        "flag_info": "",
        "query": "transaction_subject=PyLadies+Magazine&payment_date=08%3A17%3A46+Mar+14%2C+2017+PDT&txn_type=subscr_payment&subscr_id=I-E59UKVUHF882&last_name=Duffy&residence_country=US&item_name=PyLadies+Magazine&payment_gross=9.99&mc_currency=USD&business=meganemilyduffy%40gmail.com&payment_type=instant&protection_eligibility=Ineligible&verify_sign=AQU0e5vuZCvSg-XJploSa.sGUDlpA.Ws40vANKuvJKCAERHH0lm8w-4n&payer_status=verified&test_ipn=1&payer_email=megin%40gmail.com&txn_id=2C786098HC0376050&receiver_email=meganemilyduffy%40gmail.com&first_name=Megin&invoice=3a527218-b1da-4606-8f7c-099e127ad611&payer_id=XHP9Q2WJWEYAC&receiver_id=DU5NTK47BPPE6&payment_status=Completed&payment_fee=0.59&mc_fee=0.59&mc_gross=9.99&custom=1-3&charset=windows-1252&notify_version=3.8&ipn_track_id=f9286aadeccf1",
        "response": "VERIFIED",
        "created_at": "2017-03-14T15:18:14.062Z",
        "updated_at": "2017-03-14T15:18:14.514Z",
        "from_view": ""
    }
},
{
    "model": "ipn.paypalipn",
    "pk": 24,
    "fields": {
        "business": "meganemilyduffy@gmail.com",
        "charset": "windows-1252",
        "custom": "1-3",
        "notify_version": "3.80",
        "parent_txn_id": "",
        "receiver_email": "meganemilyduffy@gmail.com",
        "receiver_id": "DU5NTK47BPPE6",
        "residence_country": "US",
        "test_ipn": true,
        "txn_id": "2C786098HC0376050",
        "txn_type": "subscr_payment",
        "verify_sign": "AQU0e5vuZCvSg-XJploSa.sGUDlpA.Ws40vANKuvJKCAERHH0lm8w-4n",
        "address_country": "",
        "address_city": "",
        "address_country_code": "",
        "address_name": "",
        "address_state": "",
        "address_status": "",
        "address_street": "",
        "address_zip": "",
        "contact_phone": "",
        "first_name": "Megin",
        "last_name": "Duffy",
        "payer_business_name": "",
        "payer_email": "megin@gmail.com",
        "payer_id": "XHP9Q2WJWEYAC",
        "auth_amount": "0.00",
        "auth_exp": "",
        "auth_id": "",
        "auth_status": "",
        "exchange_rate": "0E-16",
        "invoice": "3a527218-b1da-4606-8f7c-099e127ad611",
        "item_name": "PyLadies Magazine",
        "item_number": "",
        "mc_currency": "USD",
        "mc_fee": "0.59",
        "mc_gross": "9.99",
        "mc_handling": "0.00",
        "mc_shipping": "0.00",
        "memo": "",
        "num_cart_items": 0,
        "option_name1": "",
        "option_name2": "",
        "option_selection1": "",
        "option_selection2": "",
        "payer_status": "verified",
        "payment_date": "2017-03-14T15:17:46Z",
        "payment_gross": "9.99",
        "payment_status": "Completed",
        "payment_type": "instant",
        "pending_reason": "",
        "protection_eligibility": "Ineligible",
        "quantity": 1,
        "reason_code": "",
        "remaining_settle": "0.00",
        "settle_amount": "0.00",
        "settle_currency": "",
        "shipping": "0.00",
        "shipping_method": "",
        "tax": "0.00",
        "transaction_entity": "",
        "auction_buyer_id": "",
        "auction_closing_date": null,
        "auction_multi_item": 0,
        "for_auction": "0.00",
        "amount": "0.00",
        "amount_per_cycle": "0.00",
        "initial_payment_amount": "0.00",
        "next_payment_date": null,
        "outstanding_balance": "0.00",
        "payment_cycle": "",
        "period_type": "",
        "product_name": "",
        "product_type": "",
        "profile_status": "",
        "recurring_payment_id": "",
        "rp_invoice_id": "",
        "time_created": null,
        "amount1": "0.00",
        "amount2": "0.00",
        "amount3": "0.00",
        "mc_amount1": "0.00",
        "mc_amount2": "0.00",
        "mc_amount3": "0.00",
        "password": "",
        "period1": "",
        "period2": "",
        "period3": "",
        "reattempt": "",
        "recur_times": 0,
        "recurring": "",
        "retry_at": null,
        "subscr_date": null,
        "subscr_effective": null,
        "subscr_id": "I-E59UKVUHF882",
        "username": "",
        "mp_id": "",
        "case_creation_date": null,
        "case_id": "",
        "case_type": "",
        "receipt_id": "",
        "currency_code": "USD",
        "handling_amount": "0.00",
        "transaction_subject": "PyLadies Magazine",
        "ipaddress": "127.0.0.1",
        "flag": true,
        "flag_code": "",
        "flag_info": "Duplicate txn_id. (2C786098HC0376050)",
        "query": "transaction_subject=PyLadies+Magazine&payment_date=08%3A17%3A46+Mar+14%2C+2017+PDT&txn_type=subscr_payment&subscr_id=I-E59UKVUHF882&last_name=Duffy&residence_country=US&item_name=PyLadies+Magazine&payment_gross=9.99&mc_currency=USD&business=meganemilyduffy%40gmail.com&payment_type=instant&protection_eligibility=Ineligible&verify_sign=AQU0e5vuZCvSg-XJploSa.sGUDlpA.Ws40vANKuvJKCAERHH0lm8w-4n&payer_status=verified&test_ipn=1&payer_email=megin%40gmail.com&txn_id=2C786098HC0376050&receiver_email=meganemilyduffy%40gmail.com&first_name=Megin&invoice=3a527218-b1da-4606-8f7c-099e127ad611&payer_id=XHP9Q2WJWEYAC&receiver_id=DU5NTK47BPPE6&payment_status=Completed&payment_fee=0.59&mc_fee=0.59&mc_gross=9.99&custom=1-3&charset=windows-1252&notify_version=3.8&ipn_track_id=f9286aadeccf1",
        "response": "VERIFIED",
        "created_at": "2017-03-14T15:18:34.884Z",
        "updated_at": "2017-03-14T15:18:34.969Z",
        "from_view": ""
    }
},
{
    "model": "ipn.paypalipn",
    "pk": 25,
    "fields": {
        "business": "meganemilyduffy@gmail.com",
        "charset": "windows-1252",
        "custom": "2-3",
        "notify_version": "3.80",
        "parent_txn_id": "",
        "receiver_email": "meganemilyduffy@gmail.com",
        "receiver_id": "",
        "residence_country": "US",
        "test_ipn": true,
        "txn_id": "",
        "txn_type": "subscr_signup",
        "verify_sign": "AFcWxV21C7fd0v3bYYYRCpSSRl31AKniZa7IAcHsTh5H3FwO1v2G2j6A",
        "address_country": "",
        "address_city": "",
        "address_country_code": "",
        "address_name": "",
        "address_state": "",
        "address_status": "",
        "address_street": "",
        "address_zip": "",
        "contact_phone": "",
        "first_name": "Megin",
        "last_name": "Duffy",
        "payer_business_name": "",
        "payer_email": "megin@gmail.com",
        "payer_id": "XHP9Q2WJWEYAC",
        "auth_amount": "0.00",
        "auth_exp": "",
        "auth_id": "",
        "auth_status": "",
        "exchange_rate": "0E-16",
        "invoice": "97520828-38d0-4cd9-b8c3-c962427db671",
        "item_name": "Natural Glow Magazine",
        "item_number": "",
        "mc_currency": "USD",
        "mc_fee": "0.00",
        "mc_gross": "0.00",
        "mc_handling": "0.00",
        "mc_shipping": "0.00",
        "memo": "",
        "num_cart_items": 0,
        "option_name1": "",
        "option_name2": "",
        "option_selection1": "",
        "option_selection2": "",
        "payer_status": "verified",
        "payment_date": null,
        "payment_gross": "0.00",
        "payment_status": "",
        "payment_type": "",
        "pending_reason": "",
        "protection_eligibility": "",
        "quantity": 1,
        "reason_code": "",
        "remaining_settle": "0.00",
        "settle_amount": "0.00",
        "settle_currency": "",
        "shipping": "0.00",
        "shipping_method": "",
        "tax": "0.00",
        "transaction_entity": "",
        "auction_buyer_id": "",
        "auction_closing_date": null,
        "auction_multi_item": 0,
        "for_auction": "0.00",
        "amount": "0.00",
        "amount_per_cycle": "0.00",
        "initial_payment_amount": "0.00",
        "next_payment_date": null,
        "outstanding_balance": "0.00",
        "payment_cycle": "",
        "period_type": "",
        "product_name": "",
        "product_type": "",
        "profile_status": "",
        "recurring_payment_id": "",
        "rp_invoice_id": "",
        "time_created": null,
        "amount1": "0.00",
        "amount2": "0.00",
        "amount3": "9.99",
        "mc_amount1": "0.00",
        "mc_amount2": "0.00",
        "mc_amount3": "9.99",
        "password": "",
        "period1": "",
        "period2": "",
        "period3": "1 M",
        "reattempt": "1",
        "recur_times": 0,
        "recurring": "1",
        "retry_at": null,
        "subscr_date": "2017-03-14T15:21:06Z",
        "subscr_effective": null,
        "subscr_id": "I-97D4BKRTXNYP",
        "username": "",
        "mp_id": "",
        "case_creation_date": null,
        "case_id": "",
        "case_type": "",
        "receipt_id": "",
        "currency_code": "USD",
        "handling_amount": "0.00",
        "transaction_subject": "",
        "ipaddress": "127.0.0.1",
        "flag": false,
        "flag_code": "",
        "flag_info": "",
        "query": "txn_type=subscr_signup&subscr_id=I-97D4BKRTXNYP&last_name=Duffy&residence_country=US&mc_currency=USD&item_name=Natural+Glow+Magazine&business=meganemilyduffy%40gmail.com&amount3=9.99&recurring=1&verify_sign=AFcWxV21C7fd0v3bYYYRCpSSRl31AKniZa7IAcHsTh5H3FwO1v2G2j6A&payer_status=verified&test_ipn=1&payer_email=megin%40gmail.com&first_name=Megin&receiver_email=meganemilyduffy%40gmail.com&payer_id=XHP9Q2WJWEYAC&invoice=97520828-38d0-4cd9-b8c3-c962427db671&reattempt=1&subscr_date=08%3A21%3A06+Mar+14%2C+2017+PDT&custom=2-3&charset=windows-1252&notify_version=3.8&period3=1+M&mc_amount3=9.99&ipn_track_id=15a98c3d9eeed",
        "response": "VERIFIED",
        "created_at": "2017-03-14T15:22:11.812Z",
        "updated_at": "2017-03-14T15:22:11.928Z",
        "from_view": ""
    }
},
{
    "model": "ipn.paypalipn",
    "pk": 26,
    "fields": {
        "business": "meganemilyduffy@gmail.com",
        "charset": "windows-1252",
        "custom": "2-3",
        "notify_version": "3.80",
        "parent_txn_id": "",
        "receiver_email": "meganemilyduffy@gmail.com",
        "receiver_id": "DU5NTK47BPPE6",
        "residence_country": "US",
        "test_ipn": true,
        "txn_id": "8PN6143573071273N",
        "txn_type": "subscr_payment",
        "verify_sign": "AiPC9BjkCyDFQXbSkoZcgqH3hpacAROvA-EggJ3RhJmiLeUHO5lR2MJx",
        "address_country": "",
        "address_city": "",
        "address_country_code": "",
        "address_name": "",
        "address_state": "",
        "address_status": "",
        "address_street": "",
        "address_zip": "",
        "contact_phone": "",
        "first_name": "Megin",
        "last_name": "Duffy",
        "payer_business_name": "",
        "payer_email": "megin@gmail.com",
        "payer_id": "XHP9Q2WJWEYAC",
        "auth_amount": "0.00",
        "auth_exp": "",
        "auth_id": "",
        "auth_status": "",
        "exchange_rate": "0E-16",
        "invoice": "97520828-38d0-4cd9-b8c3-c962427db671",
        "item_name": "Natural Glow Magazine",
        "item_number": "",
        "mc_currency": "USD",
        "mc_fee": "0.59",
        "mc_gross": "9.99",
        "mc_handling": "0.00",
        "mc_shipping": "0.00",
        "memo": "",
        "num_cart_items": 0,
        "option_name1": "",
        "option_name2": "",
        "option_selection1": "",
        "option_selection2": "",
        "payer_status": "verified",
        "payment_date": "2017-03-14T15:21:10Z",
        "payment_gross": "9.99",
        "payment_status": "Completed",
        "payment_type": "instant",
        "pending_reason": "",
        "protection_eligibility": "Ineligible",
        "quantity": 1,
        "reason_code": "",
        "remaining_settle": "0.00",
        "settle_amount": "0.00",
        "settle_currency": "",
        "shipping": "0.00",
        "shipping_method": "",
        "tax": "0.00",
        "transaction_entity": "",
        "auction_buyer_id": "",
        "auction_closing_date": null,
        "auction_multi_item": 0,
        "for_auction": "0.00",
        "amount": "0.00",
        "amount_per_cycle": "0.00",
        "initial_payment_amount": "0.00",
        "next_payment_date": null,
        "outstanding_balance": "0.00",
        "payment_cycle": "",
        "period_type": "",
        "product_name": "",
        "product_type": "",
        "profile_status": "",
        "recurring_payment_id": "",
        "rp_invoice_id": "",
        "time_created": null,
        "amount1": "0.00",
        "amount2": "0.00",
        "amount3": "0.00",
        "mc_amount1": "0.00",
        "mc_amount2": "0.00",
        "mc_amount3": "0.00",
        "password": "",
        "period1": "",
        "period2": "",
        "period3": "",
        "reattempt": "",
        "recur_times": 0,
        "recurring": "",
        "retry_at": null,
        "subscr_date": null,
        "subscr_effective": null,
        "subscr_id": "I-97D4BKRTXNYP",
        "username": "",
        "mp_id": "",
        "case_creation_date": null,
        "case_id": "",
        "case_type": "",
        "receipt_id": "",
        "currency_code": "USD",
        "handling_amount": "0.00",
        "transaction_subject": "Natural Glow Magazine",
        "ipaddress": "127.0.0.1",
        "flag": false,
        "flag_code": "",
        "flag_info": "",
        "query": "transaction_subject=Natural+Glow+Magazine&payment_date=08%3A21%3A10+Mar+14%2C+2017+PDT&txn_type=subscr_payment&subscr_id=I-97D4BKRTXNYP&last_name=Duffy&residence_country=US&item_name=Natural+Glow+Magazine&payment_gross=9.99&mc_currency=USD&business=meganemilyduffy%40gmail.com&payment_type=instant&protection_eligibility=Ineligible&verify_sign=AiPC9BjkCyDFQXbSkoZcgqH3hpacAROvA-EggJ3RhJmiLeUHO5lR2MJx&payer_status=verified&test_ipn=1&payer_email=megin%40gmail.com&txn_id=8PN6143573071273N&receiver_email=meganemilyduffy%40gmail.com&first_name=Megin&invoice=97520828-38d0-4cd9-b8c3-c962427db671&payer_id=XHP9Q2WJWEYAC&receiver_id=DU5NTK47BPPE6&payment_status=Completed&payment_fee=0.59&mc_fee=0.59&mc_gross=9.99&custom=2-3&charset=windows-1252&notify_version=3.8&ipn_track_id=15a98c3d9eeed",
        "response": "VERIFIED",
        "created_at": "2017-03-14T15:22:11.964Z",
        "updated_at": "2017-03-14T15:22:12.344Z",
        "from_view": ""
    }
},
{
    "model": "ipn.paypalipn",
    "pk": 27,
    "fields": {
        "business": "meganemilyduffy@gmail.com",
        "charset": "windows-1252",
        "custom": "2-3",
        "notify_version": "3.80",
        "parent_txn_id": "",
        "receiver_email": "meganemilyduffy@gmail.com",
        "receiver_id": "",
        "residence_country": "US",
        "test_ipn": true,
        "txn_id": "",
        "txn_type": "subscr_signup",
        "verify_sign": "AnNMT7nRteKS2auTkxdsRz9rRvvPAj0757ENFlCu4dvAKyWStcAXuMAv",
        "address_country": "",
        "address_city": "",
        "address_country_code": "",
        "address_name": "",
        "address_state": "",
        "address_status": "",
        "address_street": "",
        "address_zip": "",
        "contact_phone": "",
        "first_name": "Megin",
        "last_name": "Duffy",
        "payer_business_name": "",
        "payer_email": "megin@gmail.com",
        "payer_id": "XHP9Q2WJWEYAC",
        "auth_amount": "0.00",
        "auth_exp": "",
        "auth_id": "",
        "auth_status": "",
        "exchange_rate": "0E-16",
        "invoice": "fc6c424f-fae1-4e2b-aaba-d74e380d4463",
        "item_name": "Natural Glow Magazine",
        "item_number": "",
        "mc_currency": "USD",
        "mc_fee": "0.00",
        "mc_gross": "0.00",
        "mc_handling": "0.00",
        "mc_shipping": "0.00",
        "memo": "",
        "num_cart_items": 0,
        "option_name1": "",
        "option_name2": "",
        "option_selection1": "",
        "option_selection2": "",
        "payer_status": "verified",
        "payment_date": null,
        "payment_gross": "0.00",
        "payment_status": "",
        "payment_type": "",
        "pending_reason": "",
        "protection_eligibility": "",
        "quantity": 1,
        "reason_code": "",
        "remaining_settle": "0.00",
        "settle_amount": "0.00",
        "settle_currency": "",
        "shipping": "0.00",
        "shipping_method": "",
        "tax": "0.00",
        "transaction_entity": "",
        "auction_buyer_id": "",
        "auction_closing_date": null,
        "auction_multi_item": 0,
        "for_auction": "0.00",
        "amount": "0.00",
        "amount_per_cycle": "0.00",
        "initial_payment_amount": "0.00",
        "next_payment_date": null,
        "outstanding_balance": "0.00",
        "payment_cycle": "",
        "period_type": "",
        "product_name": "",
        "product_type": "",
        "profile_status": "",
        "recurring_payment_id": "",
        "rp_invoice_id": "",
        "time_created": null,
        "amount1": "0.00",
        "amount2": "0.00",
        "amount3": "9.99",
        "mc_amount1": "0.00",
        "mc_amount2": "0.00",
        "mc_amount3": "9.99",
        "password": "",
        "period1": "",
        "period2": "",
        "period3": "1 M",
        "reattempt": "1",
        "recur_times": 0,
        "recurring": "1",
        "retry_at": null,
        "subscr_date": "2017-03-14T21:06:27Z",
        "subscr_effective": null,
        "subscr_id": "I-LLPJS7B8D974",
        "username": "",
        "mp_id": "",
        "case_creation_date": null,
        "case_id": "",
        "case_type": "",
        "receipt_id": "",
        "currency_code": "USD",
        "handling_amount": "0.00",
        "transaction_subject": "",
        "ipaddress": "127.0.0.1",
        "flag": false,
        "flag_code": "",
        "flag_info": "",
        "query": "txn_type=subscr_signup&subscr_id=I-LLPJS7B8D974&last_name=Duffy&residence_country=US&mc_currency=USD&item_name=Natural+Glow+Magazine&business=meganemilyduffy%40gmail.com&amount3=9.99&recurring=1&verify_sign=AnNMT7nRteKS2auTkxdsRz9rRvvPAj0757ENFlCu4dvAKyWStcAXuMAv&payer_status=verified&test_ipn=1&payer_email=megin%40gmail.com&first_name=Megin&receiver_email=meganemilyduffy%40gmail.com&payer_id=XHP9Q2WJWEYAC&invoice=fc6c424f-fae1-4e2b-aaba-d74e380d4463&reattempt=1&subscr_date=14%3A06%3A27+Mar+14%2C+2017+PDT&custom=2-3&charset=windows-1252&notify_version=3.8&period3=1+M&mc_amount3=9.99&ipn_track_id=e08f47982aab1",
        "response": "VERIFIED",
        "created_at": "2017-03-14T21:07:12.619Z",
        "updated_at": "2017-03-14T21:07:12.810Z",
        "from_view": ""
    }
},
{
    "model": "ipn.paypalipn",
    "pk": 28,
    "fields": {
        "business": "meganemilyduffy@gmail.com",
        "charset": "windows-1252",
        "custom": "2-3",
        "notify_version": "3.80",
        "parent_txn_id": "",
        "receiver_email": "meganemilyduffy@gmail.com",
        "receiver_id": "DU5NTK47BPPE6",
        "residence_country": "US",
        "test_ipn": true,
        "txn_id": "5H484320L3694731W",
        "txn_type": "subscr_payment",
        "verify_sign": "AYkfPMj3Yw-OwsXtwJg49fQYox8cAGuwea66P-SPSN62uO4vQstL4.Il",
        "address_country": "",
        "address_city": "",
        "address_country_code": "",
        "address_name": "",
        "address_state": "",
        "address_status": "",
        "address_street": "",
        "address_zip": "",
        "contact_phone": "",
        "first_name": "Megin",
        "last_name": "Duffy",
        "payer_business_name": "",
        "payer_email": "megin@gmail.com",
        "payer_id": "XHP9Q2WJWEYAC",
        "auth_amount": "0.00",
        "auth_exp": "",
        "auth_id": "",
        "auth_status": "",
        "exchange_rate": "0E-16",
        "invoice": "fc6c424f-fae1-4e2b-aaba-d74e380d4463",
        "item_name": "Natural Glow Magazine",
        "item_number": "",
        "mc_currency": "USD",
        "mc_fee": "0.59",
        "mc_gross": "9.99",
        "mc_handling": "0.00",
        "mc_shipping": "0.00",
        "memo": "",
        "num_cart_items": 0,
        "option_name1": "",
        "option_name2": "",
        "option_selection1": "",
        "option_selection2": "",
        "payer_status": "verified",
        "payment_date": "2017-03-14T21:06:30Z",
        "payment_gross": "9.99",
        "payment_status": "Completed",
        "payment_type": "instant",
        "pending_reason": "",
        "protection_eligibility": "Ineligible",
        "quantity": 1,
        "reason_code": "",
        "remaining_settle": "0.00",
        "settle_amount": "0.00",
        "settle_currency": "",
        "shipping": "0.00",
        "shipping_method": "",
        "tax": "0.00",
        "transaction_entity": "",
        "auction_buyer_id": "",
        "auction_closing_date": null,
        "auction_multi_item": 0,
        "for_auction": "0.00",
        "amount": "0.00",
        "amount_per_cycle": "0.00",
        "initial_payment_amount": "0.00",
        "next_payment_date": null,
        "outstanding_balance": "0.00",
        "payment_cycle": "",
        "period_type": "",
        "product_name": "",
        "product_type": "",
        "profile_status": "",
        "recurring_payment_id": "",
        "rp_invoice_id": "",
        "time_created": null,
        "amount1": "0.00",
        "amount2": "0.00",
        "amount3": "0.00",
        "mc_amount1": "0.00",
        "mc_amount2": "0.00",
        "mc_amount3": "0.00",
        "password": "",
        "period1": "",
        "period2": "",
        "period3": "",
        "reattempt": "",
        "recur_times": 0,
        "recurring": "",
        "retry_at": null,
        "subscr_date": null,
        "subscr_effective": null,
        "subscr_id": "I-LLPJS7B8D974",
        "username": "",
        "mp_id": "",
        "case_creation_date": null,
        "case_id": "",
        "case_type": "",
        "receipt_id": "",
        "currency_code": "USD",
        "handling_amount": "0.00",
        "transaction_subject": "Natural Glow Magazine",
        "ipaddress": "127.0.0.1",
        "flag": false,
        "flag_code": "",
        "flag_info": "",
        "query": "transaction_subject=Natural+Glow+Magazine&payment_date=14%3A06%3A30+Mar+14%2C+2017+PDT&txn_type=subscr_payment&subscr_id=I-LLPJS7B8D974&last_name=Duffy&residence_country=US&item_name=Natural+Glow+Magazine&payment_gross=9.99&mc_currency=USD&business=meganemilyduffy%40gmail.com&payment_type=instant&protection_eligibility=Ineligible&verify_sign=AYkfPMj3Yw-OwsXtwJg49fQYox8cAGuwea66P-SPSN62uO4vQstL4.Il&payer_status=verified&test_ipn=1&payer_email=megin%40gmail.com&txn_id=5H484320L3694731W&receiver_email=meganemilyduffy%40gmail.com&first_name=Megin&invoice=fc6c424f-fae1-4e2b-aaba-d74e380d4463&payer_id=XHP9Q2WJWEYAC&receiver_id=DU5NTK47BPPE6&payment_status=Completed&payment_fee=0.59&mc_fee=0.59&mc_gross=9.99&custom=2-3&charset=windows-1252&notify_version=3.8&ipn_track_id=e08f47982aab1",
        "response": "VERIFIED",
        "created_at": "2017-03-14T21:07:13.926Z",
        "updated_at": "2017-03-14T21:07:14.048Z",
        "from_view": ""
    }
},
{
    "model": "ipn.paypalipn",
    "pk": 29,
    "fields": {
        "business": "meganemilyduffy@gmail.com",
        "charset": "windows-1252",
        "custom": "2-3",
        "notify_version": "3.80",
        "parent_txn_id": "",
        "receiver_email": "meganemilyduffy@gmail.com",
        "receiver_id": "",
        "residence_country": "US",
        "test_ipn": true,
        "txn_id": "",
        "txn_type": "subscr_signup",
        "verify_sign": "Ai1PaghZh5FmBLCDCTQpwG8jB264AW1WDWA781YG8PMqAYXlhZACIK8x",
        "address_country": "",
        "address_city": "",
        "address_country_code": "",
        "address_name": "",
        "address_state": "",
        "address_status": "",
        "address_street": "",
        "address_zip": "",
        "contact_phone": "",
        "first_name": "Megin",
        "last_name": "Duffy",
        "payer_business_name": "",
        "payer_email": "megin@gmail.com",
        "payer_id": "XHP9Q2WJWEYAC",
        "auth_amount": "0.00",
        "auth_exp": "",
        "auth_id": "",
        "auth_status": "",
        "exchange_rate": "0E-16",
        "invoice": "79549ea2-cd8b-42a2-b753-4ac2ec26c498",
        "item_name": "Natural Glow Magazine",
        "item_number": "",
        "mc_currency": "USD",
        "mc_fee": "0.00",
        "mc_gross": "0.00",
        "mc_handling": "0.00",
        "mc_shipping": "0.00",
        "memo": "",
        "num_cart_items": 0,
        "option_name1": "",
        "option_name2": "",
        "option_selection1": "",
        "option_selection2": "",
        "payer_status": "verified",
        "payment_date": null,
        "payment_gross": "0.00",
        "payment_status": "",
        "payment_type": "",
        "pending_reason": "",
        "protection_eligibility": "",
        "quantity": 1,
        "reason_code": "",
        "remaining_settle": "0.00",
        "settle_amount": "0.00",
        "settle_currency": "",
        "shipping": "0.00",
        "shipping_method": "",
        "tax": "0.00",
        "transaction_entity": "",
        "auction_buyer_id": "",
        "auction_closing_date": null,
        "auction_multi_item": 0,
        "for_auction": "0.00",
        "amount": "0.00",
        "amount_per_cycle": "0.00",
        "initial_payment_amount": "0.00",
        "next_payment_date": null,
        "outstanding_balance": "0.00",
        "payment_cycle": "",
        "period_type": "",
        "product_name": "",
        "product_type": "",
        "profile_status": "",
        "recurring_payment_id": "",
        "rp_invoice_id": "",
        "time_created": null,
        "amount1": "0.00",
        "amount2": "0.00",
        "amount3": "9.99",
        "mc_amount1": "0.00",
        "mc_amount2": "0.00",
        "mc_amount3": "9.99",
        "password": "",
        "period1": "",
        "period2": "",
        "period3": "1 M",
        "reattempt": "1",
        "recur_times": 0,
        "recurring": "1",
        "retry_at": null,
        "subscr_date": "2017-03-14T21:18:30Z",
        "subscr_effective": null,
        "subscr_id": "I-1FB5XFLRAVUD",
        "username": "",
        "mp_id": "",
        "case_creation_date": null,
        "case_id": "",
        "case_type": "",
        "receipt_id": "",
        "currency_code": "USD",
        "handling_amount": "0.00",
        "transaction_subject": "",
        "ipaddress": "127.0.0.1",
        "flag": false,
        "flag_code": "",
        "flag_info": "",
        "query": "txn_type=subscr_signup&subscr_id=I-1FB5XFLRAVUD&last_name=Duffy&residence_country=US&mc_currency=USD&item_name=Natural+Glow+Magazine&business=meganemilyduffy%40gmail.com&amount3=9.99&recurring=1&verify_sign=Ai1PaghZh5FmBLCDCTQpwG8jB264AW1WDWA781YG8PMqAYXlhZACIK8x&payer_status=verified&test_ipn=1&payer_email=megin%40gmail.com&first_name=Megin&receiver_email=meganemilyduffy%40gmail.com&payer_id=XHP9Q2WJWEYAC&invoice=79549ea2-cd8b-42a2-b753-4ac2ec26c498&reattempt=1&subscr_date=14%3A18%3A30+Mar+14%2C+2017+PDT&custom=2-3&charset=windows-1252&notify_version=3.8&period3=1+M&mc_amount3=9.99&ipn_track_id=4848ea9d2e412",
        "response": "VERIFIED",
        "created_at": "2017-03-14T21:18:47.923Z",
        "updated_at": "2017-03-14T21:18:48.150Z",
        "from_view": ""
    }
},
{
    "model": "ipn.paypalipn",
    "pk": 30,
    "fields": {
        "business": "meganemilyduffy@gmail.com",
        "charset": "windows-1252",
        "custom": "2-3",
        "notify_version": "3.80",
        "parent_txn_id": "",
        "receiver_email": "meganemilyduffy@gmail.com",
        "receiver_id": "DU5NTK47BPPE6",
        "residence_country": "US",
        "test_ipn": true,
        "txn_id": "43K0834927002792R",
        "txn_type": "subscr_payment",
        "verify_sign": "Agex0DUfI-XGWoaqh.2UMTJKeVZHACenkrCdxdgCQptCvN5bhFHemwGt",
        "address_country": "",
        "address_city": "",
        "address_country_code": "",
        "address_name": "",
        "address_state": "",
        "address_status": "",
        "address_street": "",
        "address_zip": "",
        "contact_phone": "",
        "first_name": "Megin",
        "last_name": "Duffy",
        "payer_business_name": "",
        "payer_email": "megin@gmail.com",
        "payer_id": "XHP9Q2WJWEYAC",
        "auth_amount": "0.00",
        "auth_exp": "",
        "auth_id": "",
        "auth_status": "",
        "exchange_rate": "0E-16",
        "invoice": "79549ea2-cd8b-42a2-b753-4ac2ec26c498",
        "item_name": "Natural Glow Magazine",
        "item_number": "",
        "mc_currency": "USD",
        "mc_fee": "0.59",
        "mc_gross": "9.99",
        "mc_handling": "0.00",
        "mc_shipping": "0.00",
        "memo": "",
        "num_cart_items": 0,
        "option_name1": "",
        "option_name2": "",
        "option_selection1": "",
        "option_selection2": "",
        "payer_status": "verified",
        "payment_date": "2017-03-14T21:18:33Z",
        "payment_gross": "9.99",
        "payment_status": "Completed",
        "payment_type": "instant",
        "pending_reason": "",
        "protection_eligibility": "Ineligible",
        "quantity": 1,
        "reason_code": "",
        "remaining_settle": "0.00",
        "settle_amount": "0.00",
        "settle_currency": "",
        "shipping": "0.00",
        "shipping_method": "",
        "tax": "0.00",
        "transaction_entity": "",
        "auction_buyer_id": "",
        "auction_closing_date": null,
        "auction_multi_item": 0,
        "for_auction": "0.00",
        "amount": "0.00",
        "amount_per_cycle": "0.00",
        "initial_payment_amount": "0.00",
        "next_payment_date": null,
        "outstanding_balance": "0.00",
        "payment_cycle": "",
        "period_type": "",
        "product_name": "",
        "product_type": "",
        "profile_status": "",
        "recurring_payment_id": "",
        "rp_invoice_id": "",
        "time_created": null,
        "amount1": "0.00",
        "amount2": "0.00",
        "amount3": "0.00",
        "mc_amount1": "0.00",
        "mc_amount2": "0.00",
        "mc_amount3": "0.00",
        "password": "",
        "period1": "",
        "period2": "",
        "period3": "",
        "reattempt": "",
        "recur_times": 0,
        "recurring": "",
        "retry_at": null,
        "subscr_date": null,
        "subscr_effective": null,
        "subscr_id": "I-1FB5XFLRAVUD",
        "username": "",
        "mp_id": "",
        "case_creation_date": null,
        "case_id": "",
        "case_type": "",
        "receipt_id": "",
        "currency_code": "USD",
        "handling_amount": "0.00",
        "transaction_subject": "Natural Glow Magazine",
        "ipaddress": "127.0.0.1",
        "flag": false,
        "flag_code": "",
        "flag_info": "",
        "query": "transaction_subject=Natural+Glow+Magazine&payment_date=14%3A18%3A33+Mar+14%2C+2017+PDT&txn_type=subscr_payment&subscr_id=I-1FB5XFLRAVUD&last_name=Duffy&residence_country=US&item_name=Natural+Glow+Magazine&payment_gross=9.99&mc_currency=USD&business=meganemilyduffy%40gmail.com&payment_type=instant&protection_eligibility=Ineligible&verify_sign=Agex0DUfI-XGWoaqh.2UMTJKeVZHACenkrCdxdgCQptCvN5bhFHemwGt&payer_status=verified&test_ipn=1&payer_email=megin%40gmail.com&txn_id=43K0834927002792R&receiver_email=meganemilyduffy%40gmail.com&first_name=Megin&invoice=79549ea2-cd8b-42a2-b753-4ac2ec26c498&payer_id=XHP9Q2WJWEYAC&receiver_id=DU5NTK47BPPE6&payment_status=Completed&payment_fee=0.59&mc_fee=0.59&mc_gross=9.99&custom=2-3&charset=windows-1252&notify_version=3.8&ipn_track_id=4848ea9d2e412",
        "response": "VERIFIED",
        "created_at": "2017-03-14T21:19:07.789Z",
        "updated_at": "2017-03-14T21:19:07.931Z",
        "from_view": ""
    }
},
{
    "model": "ipn.paypalipn",
    "pk": 31,
    "fields": {
        "business": "meganemilyduffy@gmail.com",
        "charset": "windows-1252",
        "custom": "1-3",
        "notify_version": "3.80",
        "parent_txn_id": "",
        "receiver_email": "meganemilyduffy@gmail.com",
        "receiver_id": "",
        "residence_country": "US",
        "test_ipn": true,
        "txn_id": "",
        "txn_type": "subscr_signup",
        "verify_sign": "AcbWFqseytCH0kp6iqkDfKKN6uanAxmoUwN0U5Zo5ihLT1l1Avfs-kmK",
        "address_country": "",
        "address_city": "",
        "address_country_code": "",
        "address_name": "",
        "address_state": "",
        "address_status": "",
        "address_street": "",
        "address_zip": "",
        "contact_phone": "",
        "first_name": "Megin",
        "last_name": "Duffy",
        "payer_business_name": "",
        "payer_email": "megin@gmail.com",
        "payer_id": "XHP9Q2WJWEYAC",
        "auth_amount": "0.00",
        "auth_exp": "",
        "auth_id": "",
        "auth_status": "",
        "exchange_rate": "0E-16",
        "invoice": "eb0320cf-3e0a-4c0b-b0cf-a819c6f4edc0",
        "item_name": "PyLadies Magazine",
        "item_number": "",
        "mc_currency": "USD",
        "mc_fee": "0.00",
        "mc_gross": "0.00",
        "mc_handling": "0.00",
        "mc_shipping": "0.00",
        "memo": "",
        "num_cart_items": 0,
        "option_name1": "",
        "option_name2": "",
        "option_selection1": "",
        "option_selection2": "",
        "payer_status": "verified",
        "payment_date": null,
        "payment_gross": "0.00",
        "payment_status": "",
        "payment_type": "",
        "pending_reason": "",
        "protection_eligibility": "",
        "quantity": 1,
        "reason_code": "",
        "remaining_settle": "0.00",
        "settle_amount": "0.00",
        "settle_currency": "",
        "shipping": "0.00",
        "shipping_method": "",
        "tax": "0.00",
        "transaction_entity": "",
        "auction_buyer_id": "",
        "auction_closing_date": null,
        "auction_multi_item": 0,
        "for_auction": "0.00",
        "amount": "0.00",
        "amount_per_cycle": "0.00",
        "initial_payment_amount": "0.00",
        "next_payment_date": null,
        "outstanding_balance": "0.00",
        "payment_cycle": "",
        "period_type": "",
        "product_name": "",
        "product_type": "",
        "profile_status": "",
        "recurring_payment_id": "",
        "rp_invoice_id": "",
        "time_created": null,
        "amount1": "0.00",
        "amount2": "0.00",
        "amount3": "9.99",
        "mc_amount1": "0.00",
        "mc_amount2": "0.00",
        "mc_amount3": "9.99",
        "password": "",
        "period1": "",
        "period2": "",
        "period3": "1 M",
        "reattempt": "1",
        "recur_times": 0,
        "recurring": "1",
        "retry_at": null,
        "subscr_date": "2017-03-14T21:20:30Z",
        "subscr_effective": null,
        "subscr_id": "I-47Y0RC63WCSR",
        "username": "",
        "mp_id": "",
        "case_creation_date": null,
        "case_id": "",
        "case_type": "",
        "receipt_id": "",
        "currency_code": "USD",
        "handling_amount": "0.00",
        "transaction_subject": "",
        "ipaddress": "127.0.0.1",
        "flag": false,
        "flag_code": "",
        "flag_info": "",
        "query": "txn_type=subscr_signup&subscr_id=I-47Y0RC63WCSR&last_name=Duffy&residence_country=US&mc_currency=USD&item_name=PyLadies+Magazine&business=meganemilyduffy%40gmail.com&amount3=9.99&recurring=1&verify_sign=AcbWFqseytCH0kp6iqkDfKKN6uanAxmoUwN0U5Zo5ihLT1l1Avfs-kmK&payer_status=verified&test_ipn=1&payer_email=megin%40gmail.com&first_name=Megin&receiver_email=meganemilyduffy%40gmail.com&payer_id=XHP9Q2WJWEYAC&invoice=eb0320cf-3e0a-4c0b-b0cf-a819c6f4edc0&reattempt=1&subscr_date=14%3A20%3A30+Mar+14%2C+2017+PDT&custom=1-3&charset=windows-1252&notify_version=3.8&period3=1+M&mc_amount3=9.99&ipn_track_id=29e0ac9e22a2f",
        "response": "VERIFIED",
        "created_at": "2017-03-14T21:20:46.173Z",
        "updated_at": "2017-03-14T21:20:46.285Z",
        "from_view": ""
    }
},
{
    "model": "ipn.paypalipn",
    "pk": 32,
    "fields": {
        "business": "meganemilyduffy@gmail.com",
        "charset": "windows-1252",
        "custom": "1-3",
        "notify_version": "3.80",
        "parent_txn_id": "",
        "receiver_email": "meganemilyduffy@gmail.com",
        "receiver_id": "DU5NTK47BPPE6",
        "residence_country": "US",
        "test_ipn": true,
        "txn_id": "68H91960WJ440910U",
        "txn_type": "subscr_payment",
        "verify_sign": "AynlJ2zsmflH.74VEfIBZZJsEArxA2OuUXIva4emTbQ45FzMlSYDORrt",
        "address_country": "",
        "address_city": "",
        "address_country_code": "",
        "address_name": "",
        "address_state": "",
        "address_status": "",
        "address_street": "",
        "address_zip": "",
        "contact_phone": "",
        "first_name": "Megin",
        "last_name": "Duffy",
        "payer_business_name": "",
        "payer_email": "megin@gmail.com",
        "payer_id": "XHP9Q2WJWEYAC",
        "auth_amount": "0.00",
        "auth_exp": "",
        "auth_id": "",
        "auth_status": "",
        "exchange_rate": "0E-16",
        "invoice": "eb0320cf-3e0a-4c0b-b0cf-a819c6f4edc0",
        "item_name": "PyLadies Magazine",
        "item_number": "",
        "mc_currency": "USD",
        "mc_fee": "0.59",
        "mc_gross": "9.99",
        "mc_handling": "0.00",
        "mc_shipping": "0.00",
        "memo": "",
        "num_cart_items": 0,
        "option_name1": "",
        "option_name2": "",
        "option_selection1": "",
        "option_selection2": "",
        "payer_status": "verified",
        "payment_date": "2017-03-14T21:20:33Z",
        "payment_gross": "9.99",
        "payment_status": "Completed",
        "payment_type": "instant",
        "pending_reason": "",
        "protection_eligibility": "Ineligible",
        "quantity": 1,
        "reason_code": "",
        "remaining_settle": "0.00",
        "settle_amount": "0.00",
        "settle_currency": "",
        "shipping": "0.00",
        "shipping_method": "",
        "tax": "0.00",
        "transaction_entity": "",
        "auction_buyer_id": "",
        "auction_closing_date": null,
        "auction_multi_item": 0,
        "for_auction": "0.00",
        "amount": "0.00",
        "amount_per_cycle": "0.00",
        "initial_payment_amount": "0.00",
        "next_payment_date": null,
        "outstanding_balance": "0.00",
        "payment_cycle": "",
        "period_type": "",
        "product_name": "",
        "product_type": "",
        "profile_status": "",
        "recurring_payment_id": "",
        "rp_invoice_id": "",
        "time_created": null,
        "amount1": "0.00",
        "amount2": "0.00",
        "amount3": "0.00",
        "mc_amount1": "0.00",
        "mc_amount2": "0.00",
        "mc_amount3": "0.00",
        "password": "",
        "period1": "",
        "period2": "",
        "period3": "",
        "reattempt": "",
        "recur_times": 0,
        "recurring": "",
        "retry_at": null,
        "subscr_date": null,
        "subscr_effective": null,
        "subscr_id": "I-47Y0RC63WCSR",
        "username": "",
        "mp_id": "",
        "case_creation_date": null,
        "case_id": "",
        "case_type": "",
        "receipt_id": "",
        "currency_code": "USD",
        "handling_amount": "0.00",
        "transaction_subject": "PyLadies Magazine",
        "ipaddress": "127.0.0.1",
        "flag": false,
        "flag_code": "",
        "flag_info": "",
        "query": "transaction_subject=PyLadies+Magazine&payment_date=14%3A20%3A33+Mar+14%2C+2017+PDT&txn_type=subscr_payment&subscr_id=I-47Y0RC63WCSR&last_name=Duffy&residence_country=US&item_name=PyLadies+Magazine&payment_gross=9.99&mc_currency=USD&business=meganemilyduffy%40gmail.com&payment_type=instant&protection_eligibility=Ineligible&verify_sign=AynlJ2zsmflH.74VEfIBZZJsEArxA2OuUXIva4emTbQ45FzMlSYDORrt&payer_status=verified&test_ipn=1&payer_email=megin%40gmail.com&txn_id=68H91960WJ440910U&receiver_email=meganemilyduffy%40gmail.com&first_name=Megin&invoice=eb0320cf-3e0a-4c0b-b0cf-a819c6f4edc0&payer_id=XHP9Q2WJWEYAC&receiver_id=DU5NTK47BPPE6&payment_status=Completed&payment_fee=0.59&mc_fee=0.59&mc_gross=9.99&custom=1-3&charset=windows-1252&notify_version=3.8&ipn_track_id=29e0ac9e22a2f",
        "response": "VERIFIED",
        "created_at": "2017-03-14T21:21:08.926Z",
        "updated_at": "2017-03-14T21:21:09.033Z",
        "from_view": ""
    }
},
{
    "model": "ipn.paypalipn",
    "pk": 33,
    "fields": {
        "business": "meganemilyduffy@gmail.com",
        "charset": "windows-1252",
        "custom": "1-2",
        "notify_version": "3.80",
        "parent_txn_id": "",
        "receiver_email": "meganemilyduffy@gmail.com",
        "receiver_id": "",
        "residence_country": "US",
        "test_ipn": true,
        "txn_id": "",
        "txn_type": "subscr_signup",
        "verify_sign": "AIIOdclVK6GGFcE21YIqIMk33N9AAXDFMqiEcL6yc9IFYn1P9TdaW7Bw",
        "address_country": "",
        "address_city": "",
        "address_country_code": "",
        "address_name": "",
        "address_state": "",
        "address_status": "",
        "address_street": "",
        "address_zip": "",
        "contact_phone": "",
        "first_name": "Megin",
        "last_name": "Duffy",
        "payer_business_name": "",
        "payer_email": "megin@gmail.com",
        "payer_id": "XHP9Q2WJWEYAC",
        "auth_amount": "0.00",
        "auth_exp": "",
        "auth_id": "",
        "auth_status": "",
        "exchange_rate": "0E-16",
        "invoice": "85d45f23-69f1-4a45-8e84-1ef23e4e8bdb",
        "item_name": "PyLadies Magazine",
        "item_number": "",
        "mc_currency": "USD",
        "mc_fee": "0.00",
        "mc_gross": "0.00",
        "mc_handling": "0.00",
        "mc_shipping": "0.00",
        "memo": "",
        "num_cart_items": 0,
        "option_name1": "",
        "option_name2": "",
        "option_selection1": "",
        "option_selection2": "",
        "payer_status": "verified",
        "payment_date": null,
        "payment_gross": "0.00",
        "payment_status": "",
        "payment_type": "",
        "pending_reason": "",
        "protection_eligibility": "",
        "quantity": 1,
        "reason_code": "",
        "remaining_settle": "0.00",
        "settle_amount": "0.00",
        "settle_currency": "",
        "shipping": "0.00",
        "shipping_method": "",
        "tax": "0.00",
        "transaction_entity": "",
        "auction_buyer_id": "",
        "auction_closing_date": null,
        "auction_multi_item": 0,
        "for_auction": "0.00",
        "amount": "0.00",
        "amount_per_cycle": "0.00",
        "initial_payment_amount": "0.00",
        "next_payment_date": null,
        "outstanding_balance": "0.00",
        "payment_cycle": "",
        "period_type": "",
        "product_name": "",
        "product_type": "",
        "profile_status": "",
        "recurring_payment_id": "",
        "rp_invoice_id": "",
        "time_created": null,
        "amount1": "0.00",
        "amount2": "0.00",
        "amount3": "9.99",
        "mc_amount1": "0.00",
        "mc_amount2": "0.00",
        "mc_amount3": "9.99",
        "password": "",
        "period1": "",
        "period2": "",
        "period3": "1 M",
        "reattempt": "1",
        "recur_times": 0,
        "recurring": "1",
        "retry_at": null,
        "subscr_date": "2017-03-15T11:42:08Z",
        "subscr_effective": null,
        "subscr_id": "I-LLMLRS40CJ63",
        "username": "",
        "mp_id": "",
        "case_creation_date": null,
        "case_id": "",
        "case_type": "",
        "receipt_id": "",
        "currency_code": "USD",
        "handling_amount": "0.00",
        "transaction_subject": "",
        "ipaddress": "127.0.0.1",
        "flag": false,
        "flag_code": "",
        "flag_info": "",
        "query": "txn_type=subscr_signup&subscr_id=I-LLMLRS40CJ63&last_name=Duffy&residence_country=US&mc_currency=USD&item_name=PyLadies+Magazine&business=meganemilyduffy%40gmail.com&amount3=9.99&recurring=1&verify_sign=AIIOdclVK6GGFcE21YIqIMk33N9AAXDFMqiEcL6yc9IFYn1P9TdaW7Bw&payer_status=verified&test_ipn=1&payer_email=megin%40gmail.com&first_name=Megin&receiver_email=meganemilyduffy%40gmail.com&payer_id=XHP9Q2WJWEYAC&invoice=85d45f23-69f1-4a45-8e84-1ef23e4e8bdb&reattempt=1&subscr_date=04%3A42%3A08+Mar+15%2C+2017+PDT&custom=1-2&charset=windows-1252&notify_version=3.8&period3=1+M&mc_amount3=9.99&ipn_track_id=44f68473612bb",
        "response": "VERIFIED",
        "created_at": "2017-03-15T11:43:09.233Z",
        "updated_at": "2017-03-15T11:43:09.352Z",
        "from_view": ""
    }
},
{
    "model": "ipn.paypalipn",
    "pk": 34,
    "fields": {
        "business": "meganemilyduffy@gmail.com",
        "charset": "windows-1252",
        "custom": "1-2",
        "notify_version": "3.80",
        "parent_txn_id": "",
        "receiver_email": "meganemilyduffy@gmail.com",
        "receiver_id": "DU5NTK47BPPE6",
        "residence_country": "US",
        "test_ipn": true,
        "txn_id": "31D566024X270131V",
        "txn_type": "subscr_payment",
        "verify_sign": "AW3FtTi-j2cMZQvMv.5FswqTfRmYAE2LLgb1o.ig8PsgnhUi3oi8YAQ9",
        "address_country": "",
        "address_city": "",
        "address_country_code": "",
        "address_name": "",
        "address_state": "",
        "address_status": "",
        "address_street": "",
        "address_zip": "",
        "contact_phone": "",
        "first_name": "Megin",
        "last_name": "Duffy",
        "payer_business_name": "",
        "payer_email": "megin@gmail.com",
        "payer_id": "XHP9Q2WJWEYAC",
        "auth_amount": "0.00",
        "auth_exp": "",
        "auth_id": "",
        "auth_status": "",
        "exchange_rate": "0E-16",
        "invoice": "85d45f23-69f1-4a45-8e84-1ef23e4e8bdb",
        "item_name": "PyLadies Magazine",
        "item_number": "",
        "mc_currency": "USD",
        "mc_fee": "0.59",
        "mc_gross": "9.99",
        "mc_handling": "0.00",
        "mc_shipping": "0.00",
        "memo": "",
        "num_cart_items": 0,
        "option_name1": "",
        "option_name2": "",
        "option_selection1": "",
        "option_selection2": "",
        "payer_status": "verified",
        "payment_date": "2017-03-15T11:42:11Z",
        "payment_gross": "9.99",
        "payment_status": "Completed",
        "payment_type": "instant",
        "pending_reason": "",
        "protection_eligibility": "Ineligible",
        "quantity": 1,
        "reason_code": "",
        "remaining_settle": "0.00",
        "settle_amount": "0.00",
        "settle_currency": "",
        "shipping": "0.00",
        "shipping_method": "",
        "tax": "0.00",
        "transaction_entity": "",
        "auction_buyer_id": "",
        "auction_closing_date": null,
        "auction_multi_item": 0,
        "for_auction": "0.00",
        "amount": "0.00",
        "amount_per_cycle": "0.00",
        "initial_payment_amount": "0.00",
        "next_payment_date": null,
        "outstanding_balance": "0.00",
        "payment_cycle": "",
        "period_type": "",
        "product_name": "",
        "product_type": "",
        "profile_status": "",
        "recurring_payment_id": "",
        "rp_invoice_id": "",
        "time_created": null,
        "amount1": "0.00",
        "amount2": "0.00",
        "amount3": "0.00",
        "mc_amount1": "0.00",
        "mc_amount2": "0.00",
        "mc_amount3": "0.00",
        "password": "",
        "period1": "",
        "period2": "",
        "period3": "",
        "reattempt": "",
        "recur_times": 0,
        "recurring": "",
        "retry_at": null,
        "subscr_date": null,
        "subscr_effective": null,
        "subscr_id": "I-LLMLRS40CJ63",
        "username": "",
        "mp_id": "",
        "case_creation_date": null,
        "case_id": "",
        "case_type": "",
        "receipt_id": "",
        "currency_code": "USD",
        "handling_amount": "0.00",
        "transaction_subject": "PyLadies Magazine",
        "ipaddress": "127.0.0.1",
        "flag": false,
        "flag_code": "",
        "flag_info": "",
        "query": "transaction_subject=PyLadies+Magazine&payment_date=04%3A42%3A11+Mar+15%2C+2017+PDT&txn_type=subscr_payment&subscr_id=I-LLMLRS40CJ63&last_name=Duffy&residence_country=US&item_name=PyLadies+Magazine&payment_gross=9.99&mc_currency=USD&business=meganemilyduffy%40gmail.com&payment_type=instant&protection_eligibility=Ineligible&verify_sign=AW3FtTi-j2cMZQvMv.5FswqTfRmYAE2LLgb1o.ig8PsgnhUi3oi8YAQ9&payer_status=verified&test_ipn=1&payer_email=megin%40gmail.com&txn_id=31D566024X270131V&receiver_email=meganemilyduffy%40gmail.com&first_name=Megin&invoice=85d45f23-69f1-4a45-8e84-1ef23e4e8bdb&payer_id=XHP9Q2WJWEYAC&receiver_id=DU5NTK47BPPE6&payment_status=Completed&payment_fee=0.59&mc_fee=0.59&mc_gross=9.99&custom=1-2&charset=windows-1252&notify_version=3.8&ipn_track_id=44f68473612bb",
        "response": "VERIFIED",
        "created_at": "2017-03-15T11:43:13.963Z",
        "updated_at": "2017-03-15T11:43:14.097Z",
        "from_view": ""
    }
},
{
    "model": "ipn.paypalipn",
    "pk": 35,
    "fields": {
        "business": "meganemilyduffy@gmail.com",
        "charset": "windows-1252",
        "custom": "1-5",
        "notify_version": "3.80",
        "parent_txn_id": "",
        "receiver_email": "meganemilyduffy@gmail.com",
        "receiver_id": "",
        "residence_country": "US",
        "test_ipn": true,
        "txn_id": "",
        "txn_type": "subscr_signup",
        "verify_sign": "AI36sk2Aln3iC.t.mla1wMizPRcQAt7zvPYTLkbXDcwCkKgEGV5IzEWQ",
        "address_country": "",
        "address_city": "",
        "address_country_code": "",
        "address_name": "",
        "address_state": "",
        "address_status": "",
        "address_street": "",
        "address_zip": "",
        "contact_phone": "",
        "first_name": "Meg",
        "last_name": "In",
        "payer_business_name": "",
        "payer_email": "megin2@gmail.com",
        "payer_id": "Y9VCU69UCS8D4",
        "auth_amount": "0.00",
        "auth_exp": "",
        "auth_id": "",
        "auth_status": "",
        "exchange_rate": "0E-16",
        "invoice": "716c5b86-b3f4-46ee-979e-650adbe7bbc2",
        "item_name": "PyLadies Magazine",
        "item_number": "",
        "mc_currency": "USD",
        "mc_fee": "0.00",
        "mc_gross": "0.00",
        "mc_handling": "0.00",
        "mc_shipping": "0.00",
        "memo": "",
        "num_cart_items": 0,
        "option_name1": "",
        "option_name2": "",
        "option_selection1": "",
        "option_selection2": "",
        "payer_status": "verified",
        "payment_date": null,
        "payment_gross": "0.00",
        "payment_status": "",
        "payment_type": "",
        "pending_reason": "",
        "protection_eligibility": "",
        "quantity": 1,
        "reason_code": "",
        "remaining_settle": "0.00",
        "settle_amount": "0.00",
        "settle_currency": "",
        "shipping": "0.00",
        "shipping_method": "",
        "tax": "0.00",
        "transaction_entity": "",
        "auction_buyer_id": "",
        "auction_closing_date": null,
        "auction_multi_item": 0,
        "for_auction": "0.00",
        "amount": "0.00",
        "amount_per_cycle": "0.00",
        "initial_payment_amount": "0.00",
        "next_payment_date": null,
        "outstanding_balance": "0.00",
        "payment_cycle": "",
        "period_type": "",
        "product_name": "",
        "product_type": "",
        "profile_status": "",
        "recurring_payment_id": "",
        "rp_invoice_id": "",
        "time_created": null,
        "amount1": "0.00",
        "amount2": "0.00",
        "amount3": "9.99",
        "mc_amount1": "0.00",
        "mc_amount2": "0.00",
        "mc_amount3": "9.99",
        "password": "",
        "period1": "",
        "period2": "",
        "period3": "1 M",
        "reattempt": "1",
        "recur_times": 0,
        "recurring": "1",
        "retry_at": null,
        "subscr_date": "2017-03-21T13:53:28Z",
        "subscr_effective": null,
        "subscr_id": "I-H24S13GS09RU",
        "username": "",
        "mp_id": "",
        "case_creation_date": null,
        "case_id": "",
        "case_type": "",
        "receipt_id": "",
        "currency_code": "USD",
        "handling_amount": "0.00",
        "transaction_subject": "",
        "ipaddress": "127.0.0.1",
        "flag": false,
        "flag_code": "",
        "flag_info": "",
        "query": "txn_type=subscr_signup&subscr_id=I-H24S13GS09RU&last_name=In&residence_country=US&mc_currency=USD&item_name=PyLadies+Magazine&business=meganemilyduffy%40gmail.com&amount3=9.99&recurring=1&verify_sign=AI36sk2Aln3iC.t.mla1wMizPRcQAt7zvPYTLkbXDcwCkKgEGV5IzEWQ&payer_status=verified&test_ipn=1&payer_email=megin2%40gmail.com&first_name=Meg&receiver_email=meganemilyduffy%40gmail.com&payer_id=Y9VCU69UCS8D4&invoice=716c5b86-b3f4-46ee-979e-650adbe7bbc2&reattempt=1&subscr_date=06%3A53%3A28+Mar+21%2C+2017+PDT&custom=1-5&charset=windows-1252&notify_version=3.8&period3=1+M&mc_amount3=9.99&ipn_track_id=4aecf0b9d4e64",
        "response": "VERIFIED",
        "created_at": "2017-03-21T13:57:01.279Z",
        "updated_at": "2017-03-21T13:57:01.446Z",
        "from_view": ""
    }
},
{
    "model": "ipn.paypalipn",
    "pk": 36,
    "fields": {
        "business": "meganemilyduffy@gmail.com",
        "charset": "windows-1252",
        "custom": "1-5",
        "notify_version": "3.80",
        "parent_txn_id": "",
        "receiver_email": "meganemilyduffy@gmail.com",
        "receiver_id": "DU5NTK47BPPE6",
        "residence_country": "US",
        "test_ipn": true,
        "txn_id": "4C5879766E276582C",
        "txn_type": "subscr_payment",
        "verify_sign": "AomRS5l2W2xlt2An.GaSrAzpCl-NAD4OeTdQDM6BzAsEJRCBnvxOsvl3",
        "address_country": "",
        "address_city": "",
        "address_country_code": "",
        "address_name": "",
        "address_state": "",
        "address_status": "",
        "address_street": "",
        "address_zip": "",
        "contact_phone": "",
        "first_name": "Meg",
        "last_name": "In",
        "payer_business_name": "",
        "payer_email": "megin2@gmail.com",
        "payer_id": "Y9VCU69UCS8D4",
        "auth_amount": "0.00",
        "auth_exp": "",
        "auth_id": "",
        "auth_status": "",
        "exchange_rate": "0E-16",
        "invoice": "d874851f-c85f-439f-845f-1288df34e590",
        "item_name": "PyLadies Magazine",
        "item_number": "",
        "mc_currency": "USD",
        "mc_fee": "0.59",
        "mc_gross": "9.99",
        "mc_handling": "0.00",
        "mc_shipping": "0.00",
        "memo": "",
        "num_cart_items": 0,
        "option_name1": "",
        "option_name2": "",
        "option_selection1": "",
        "option_selection2": "",
        "payer_status": "verified",
        "payment_date": "2017-03-21T13:57:46Z",
        "payment_gross": "9.99",
        "payment_status": "Completed",
        "payment_type": "instant",
        "pending_reason": "",
        "protection_eligibility": "Ineligible",
        "quantity": 1,
        "reason_code": "",
        "remaining_settle": "0.00",
        "settle_amount": "0.00",
        "settle_currency": "",
        "shipping": "0.00",
        "shipping_method": "",
        "tax": "0.00",
        "transaction_entity": "",
        "auction_buyer_id": "",
        "auction_closing_date": null,
        "auction_multi_item": 0,
        "for_auction": "0.00",
        "amount": "0.00",
        "amount_per_cycle": "0.00",
        "initial_payment_amount": "0.00",
        "next_payment_date": null,
        "outstanding_balance": "0.00",
        "payment_cycle": "",
        "period_type": "",
        "product_name": "",
        "product_type": "",
        "profile_status": "",
        "recurring_payment_id": "",
        "rp_invoice_id": "",
        "time_created": null,
        "amount1": "0.00",
        "amount2": "0.00",
        "amount3": "0.00",
        "mc_amount1": "0.00",
        "mc_amount2": "0.00",
        "mc_amount3": "0.00",
        "password": "",
        "period1": "",
        "period2": "",
        "period3": "",
        "reattempt": "",
        "recur_times": 0,
        "recurring": "",
        "retry_at": null,
        "subscr_date": null,
        "subscr_effective": null,
        "subscr_id": "I-PNHSYLR3B3F4",
        "username": "",
        "mp_id": "",
        "case_creation_date": null,
        "case_id": "",
        "case_type": "",
        "receipt_id": "",
        "currency_code": "USD",
        "handling_amount": "0.00",
        "transaction_subject": "PyLadies Magazine",
        "ipaddress": "127.0.0.1",
        "flag": false,
        "flag_code": "",
        "flag_info": "",
        "query": "transaction_subject=PyLadies+Magazine&payment_date=06%3A57%3A46+Mar+21%2C+2017+PDT&txn_type=subscr_payment&subscr_id=I-PNHSYLR3B3F4&last_name=In&residence_country=US&item_name=PyLadies+Magazine&payment_gross=9.99&mc_currency=USD&business=meganemilyduffy%40gmail.com&payment_type=instant&protection_eligibility=Ineligible&verify_sign=AomRS5l2W2xlt2An.GaSrAzpCl-NAD4OeTdQDM6BzAsEJRCBnvxOsvl3&payer_status=verified&test_ipn=1&payer_email=megin2%40gmail.com&txn_id=4C5879766E276582C&receiver_email=meganemilyduffy%40gmail.com&first_name=Meg&invoice=d874851f-c85f-439f-845f-1288df34e590&payer_id=Y9VCU69UCS8D4&receiver_id=DU5NTK47BPPE6&payment_status=Completed&payment_fee=0.59&mc_fee=0.59&mc_gross=9.99&custom=1-5&charset=windows-1252&notify_version=3.8&ipn_track_id=1a19998271671",
        "response": "VERIFIED",
        "created_at": "2017-03-21T13:58:09.366Z",
        "updated_at": "2017-03-21T13:58:09.551Z",
        "from_view": ""
    }
},
{
    "model": "ipn.paypalipn",
    "pk": 37,
    "fields": {
        "business": "meganemilyduffy@gmail.com",
        "charset": "windows-1252",
        "custom": "1-5",
        "notify_version": "3.80",
        "parent_txn_id": "",
        "receiver_email": "meganemilyduffy@gmail.com",
        "receiver_id": "",
        "residence_country": "US",
        "test_ipn": true,
        "txn_id": "",
        "txn_type": "subscr_signup",
        "verify_sign": "ACt7UQvTwN3aH00lLzccm1CHh1V5A1nFHZZIb6e5vHoliqAjXdMr8pgK",
        "address_country": "",
        "address_city": "",
        "address_country_code": "",
        "address_name": "",
        "address_state": "",
        "address_status": "",
        "address_street": "",
        "address_zip": "",
        "contact_phone": "",
        "first_name": "Meg",
        "last_name": "In",
        "payer_business_name": "",
        "payer_email": "megin2@gmail.com",
        "payer_id": "Y9VCU69UCS8D4",
        "auth_amount": "0.00",
        "auth_exp": "",
        "auth_id": "",
        "auth_status": "",
        "exchange_rate": "0E-16",
        "invoice": "d874851f-c85f-439f-845f-1288df34e590",
        "item_name": "PyLadies Magazine",
        "item_number": "",
        "mc_currency": "USD",
        "mc_fee": "0.00",
        "mc_gross": "0.00",
        "mc_handling": "0.00",
        "mc_shipping": "0.00",
        "memo": "",
        "num_cart_items": 0,
        "option_name1": "",
        "option_name2": "",
        "option_selection1": "",
        "option_selection2": "",
        "payer_status": "verified",
        "payment_date": null,
        "payment_gross": "0.00",
        "payment_status": "",
        "payment_type": "",
        "pending_reason": "",
        "protection_eligibility": "",
        "quantity": 1,
        "reason_code": "",
        "remaining_settle": "0.00",
        "settle_amount": "0.00",
        "settle_currency": "",
        "shipping": "0.00",
        "shipping_method": "",
        "tax": "0.00",
        "transaction_entity": "",
        "auction_buyer_id": "",
        "auction_closing_date": null,
        "auction_multi_item": 0,
        "for_auction": "0.00",
        "amount": "0.00",
        "amount_per_cycle": "0.00",
        "initial_payment_amount": "0.00",
        "next_payment_date": null,
        "outstanding_balance": "0.00",
        "payment_cycle": "",
        "period_type": "",
        "product_name": "",
        "product_type": "",
        "profile_status": "",
        "recurring_payment_id": "",
        "rp_invoice_id": "",
        "time_created": null,
        "amount1": "0.00",
        "amount2": "0.00",
        "amount3": "9.99",
        "mc_amount1": "0.00",
        "mc_amount2": "0.00",
        "mc_amount3": "9.99",
        "password": "",
        "period1": "",
        "period2": "",
        "period3": "1 M",
        "reattempt": "1",
        "recur_times": 0,
        "recurring": "1",
        "retry_at": null,
        "subscr_date": "2017-03-21T13:57:43Z",
        "subscr_effective": null,
        "subscr_id": "I-PNHSYLR3B3F4",
        "username": "",
        "mp_id": "",
        "case_creation_date": null,
        "case_id": "",
        "case_type": "",
        "receipt_id": "",
        "currency_code": "USD",
        "handling_amount": "0.00",
        "transaction_subject": "",
        "ipaddress": "127.0.0.1",
        "flag": false,
        "flag_code": "",
        "flag_info": "",
        "query": "txn_type=subscr_signup&subscr_id=I-PNHSYLR3B3F4&last_name=In&residence_country=US&mc_currency=USD&item_name=PyLadies+Magazine&business=meganemilyduffy%40gmail.com&amount3=9.99&recurring=1&verify_sign=ACt7UQvTwN3aH00lLzccm1CHh1V5A1nFHZZIb6e5vHoliqAjXdMr8pgK&payer_status=verified&test_ipn=1&payer_email=megin2%40gmail.com&first_name=Meg&receiver_email=meganemilyduffy%40gmail.com&payer_id=Y9VCU69UCS8D4&invoice=d874851f-c85f-439f-845f-1288df34e590&reattempt=1&subscr_date=06%3A57%3A43+Mar+21%2C+2017+PDT&custom=1-5&charset=windows-1252&notify_version=3.8&period3=1+M&mc_amount3=9.99&ipn_track_id=1a19998271671",
        "response": "VERIFIED",
        "created_at": "2017-03-21T13:58:09.470Z",
        "updated_at": "2017-03-21T13:58:09.709Z",
        "from_view": ""
    }
},
{
    "model": "ipn.paypalipn",
    "pk": 38,
    "fields": {
        "business": "meganemilyduffy@gmail.com",
        "charset": "windows-1252",
        "custom": "1-5",
        "notify_version": "3.80",
        "parent_txn_id": "",
        "receiver_email": "meganemilyduffy@gmail.com",
        "receiver_id": "DU5NTK47BPPE6",
        "residence_country": "US",
        "test_ipn": true,
        "txn_id": "4C5879766E276582C",
        "txn_type": "subscr_payment",
        "verify_sign": "AomRS5l2W2xlt2An.GaSrAzpCl-NAD4OeTdQDM6BzAsEJRCBnvxOsvl3",
        "address_country": "",
        "address_city": "",
        "address_country_code": "",
        "address_name": "",
        "address_state": "",
        "address_status": "",
        "address_street": "",
        "address_zip": "",
        "contact_phone": "",
        "first_name": "Meg",
        "last_name": "In",
        "payer_business_name": "",
        "payer_email": "megin2@gmail.com",
        "payer_id": "Y9VCU69UCS8D4",
        "auth_amount": "0.00",
        "auth_exp": "",
        "auth_id": "",
        "auth_status": "",
        "exchange_rate": "0E-16",
        "invoice": "d874851f-c85f-439f-845f-1288df34e590",
        "item_name": "PyLadies Magazine",
        "item_number": "",
        "mc_currency": "USD",
        "mc_fee": "0.59",
        "mc_gross": "9.99",
        "mc_handling": "0.00",
        "mc_shipping": "0.00",
        "memo": "",
        "num_cart_items": 0,
        "option_name1": "",
        "option_name2": "",
        "option_selection1": "",
        "option_selection2": "",
        "payer_status": "verified",
        "payment_date": "2017-03-21T13:57:46Z",
        "payment_gross": "9.99",
        "payment_status": "Completed",
        "payment_type": "instant",
        "pending_reason": "",
        "protection_eligibility": "Ineligible",
        "quantity": 1,
        "reason_code": "",
        "remaining_settle": "0.00",
        "settle_amount": "0.00",
        "settle_currency": "",
        "shipping": "0.00",
        "shipping_method": "",
        "tax": "0.00",
        "transaction_entity": "",
        "auction_buyer_id": "",
        "auction_closing_date": null,
        "auction_multi_item": 0,
        "for_auction": "0.00",
        "amount": "0.00",
        "amount_per_cycle": "0.00",
        "initial_payment_amount": "0.00",
        "next_payment_date": null,
        "outstanding_balance": "0.00",
        "payment_cycle": "",
        "period_type": "",
        "product_name": "",
        "product_type": "",
        "profile_status": "",
        "recurring_payment_id": "",
        "rp_invoice_id": "",
        "time_created": null,
        "amount1": "0.00",
        "amount2": "0.00",
        "amount3": "0.00",
        "mc_amount1": "0.00",
        "mc_amount2": "0.00",
        "mc_amount3": "0.00",
        "password": "",
        "period1": "",
        "period2": "",
        "period3": "",
        "reattempt": "",
        "recur_times": 0,
        "recurring": "",
        "retry_at": null,
        "subscr_date": null,
        "subscr_effective": null,
        "subscr_id": "I-PNHSYLR3B3F4",
        "username": "",
        "mp_id": "",
        "case_creation_date": null,
        "case_id": "",
        "case_type": "",
        "receipt_id": "",
        "currency_code": "USD",
        "handling_amount": "0.00",
        "transaction_subject": "PyLadies Magazine",
        "ipaddress": "127.0.0.1",
        "flag": true,
        "flag_code": "",
        "flag_info": "Duplicate txn_id. (4C5879766E276582C)",
        "query": "transaction_subject=PyLadies+Magazine&payment_date=06%3A57%3A46+Mar+21%2C+2017+PDT&txn_type=subscr_payment&subscr_id=I-PNHSYLR3B3F4&last_name=In&residence_country=US&item_name=PyLadies+Magazine&payment_gross=9.99&mc_currency=USD&business=meganemilyduffy%40gmail.com&payment_type=instant&protection_eligibility=Ineligible&verify_sign=AomRS5l2W2xlt2An.GaSrAzpCl-NAD4OeTdQDM6BzAsEJRCBnvxOsvl3&payer_status=verified&test_ipn=1&payer_email=megin2%40gmail.com&txn_id=4C5879766E276582C&receiver_email=meganemilyduffy%40gmail.com&first_name=Meg&invoice=d874851f-c85f-439f-845f-1288df34e590&payer_id=Y9VCU69UCS8D4&receiver_id=DU5NTK47BPPE6&payment_status=Completed&payment_fee=0.59&mc_fee=0.59&mc_gross=9.99&custom=1-5&charset=windows-1252&notify_version=3.8&ipn_track_id=1a19998271671",
        "response": "VERIFIED",
        "created_at": "2017-03-21T13:58:28.305Z",
        "updated_at": "2017-03-21T13:58:28.484Z",
        "from_view": ""
    }
},
{
    "model": "ipn.paypalipn",
    "pk": 39,
    "fields": {
        "business": "meganemilyduffy@gmail.com",
        "charset": "windows-1252",
        "custom": "1-5",
        "notify_version": "3.80",
        "parent_txn_id": "",
        "receiver_email": "meganemilyduffy@gmail.com",
        "receiver_id": "DU5NTK47BPPE6",
        "residence_country": "US",
        "test_ipn": true,
        "txn_id": "3GE97216JS977131G",
        "txn_type": "subscr_payment",
        "verify_sign": "ADmhMw5gqASpvy.X38.nDdwooKz7A0TqcOk54UWvEdvCZAyVRB8qlll4",
        "address_country": "",
        "address_city": "",
        "address_country_code": "",
        "address_name": "",
        "address_state": "",
        "address_status": "",
        "address_street": "",
        "address_zip": "",
        "contact_phone": "",
        "first_name": "Meg",
        "last_name": "In",
        "payer_business_name": "",
        "payer_email": "megin2@gmail.com",
        "payer_id": "Y9VCU69UCS8D4",
        "auth_amount": "0.00",
        "auth_exp": "",
        "auth_id": "",
        "auth_status": "",
        "exchange_rate": "0E-16",
        "invoice": "716c5b86-b3f4-46ee-979e-650adbe7bbc2",
        "item_name": "PyLadies Magazine",
        "item_number": "",
        "mc_currency": "USD",
        "mc_fee": "0.59",
        "mc_gross": "9.99",
        "mc_handling": "0.00",
        "mc_shipping": "0.00",
        "memo": "",
        "num_cart_items": 0,
        "option_name1": "",
        "option_name2": "",
        "option_selection1": "",
        "option_selection2": "",
        "payer_status": "verified",
        "payment_date": "2017-03-21T13:53:31Z",
        "payment_gross": "9.99",
        "payment_status": "Completed",
        "payment_type": "instant",
        "pending_reason": "",
        "protection_eligibility": "Ineligible",
        "quantity": 1,
        "reason_code": "",
        "remaining_settle": "0.00",
        "settle_amount": "0.00",
        "settle_currency": "",
        "shipping": "0.00",
        "shipping_method": "",
        "tax": "0.00",
        "transaction_entity": "",
        "auction_buyer_id": "",
        "auction_closing_date": null,
        "auction_multi_item": 0,
        "for_auction": "0.00",
        "amount": "0.00",
        "amount_per_cycle": "0.00",
        "initial_payment_amount": "0.00",
        "next_payment_date": null,
        "outstanding_balance": "0.00",
        "payment_cycle": "",
        "period_type": "",
        "product_name": "",
        "product_type": "",
        "profile_status": "",
        "recurring_payment_id": "",
        "rp_invoice_id": "",
        "time_created": null,
        "amount1": "0.00",
        "amount2": "0.00",
        "amount3": "0.00",
        "mc_amount1": "0.00",
        "mc_amount2": "0.00",
        "mc_amount3": "0.00",
        "password": "",
        "period1": "",
        "period2": "",
        "period3": "",
        "reattempt": "",
        "recur_times": 0,
        "recurring": "",
        "retry_at": null,
        "subscr_date": null,
        "subscr_effective": null,
        "subscr_id": "I-H24S13GS09RU",
        "username": "",
        "mp_id": "",
        "case_creation_date": null,
        "case_id": "",
        "case_type": "",
        "receipt_id": "",
        "currency_code": "USD",
        "handling_amount": "0.00",
        "transaction_subject": "PyLadies Magazine",
        "ipaddress": "127.0.0.1",
        "flag": false,
        "flag_code": "",
        "flag_info": "",
        "query": "transaction_subject=PyLadies+Magazine&payment_date=06%3A53%3A31+Mar+21%2C+2017+PDT&txn_type=subscr_payment&subscr_id=I-H24S13GS09RU&last_name=In&residence_country=US&item_name=PyLadies+Magazine&payment_gross=9.99&mc_currency=USD&business=meganemilyduffy%40gmail.com&payment_type=instant&protection_eligibility=Ineligible&verify_sign=ADmhMw5gqASpvy.X38.nDdwooKz7A0TqcOk54UWvEdvCZAyVRB8qlll4&payer_status=verified&test_ipn=1&payer_email=megin2%40gmail.com&txn_id=3GE97216JS977131G&receiver_email=meganemilyduffy%40gmail.com&first_name=Meg&invoice=716c5b86-b3f4-46ee-979e-650adbe7bbc2&payer_id=Y9VCU69UCS8D4&receiver_id=DU5NTK47BPPE6&payment_status=Completed&payment_fee=0.59&mc_fee=0.59&mc_gross=9.99&custom=1-5&charset=windows-1252&notify_version=3.8&ipn_track_id=4aecf0b9d4e64",
        "response": "VERIFIED",
        "created_at": "2017-03-21T13:59:10.085Z",
        "updated_at": "2017-03-21T13:59:10.260Z",
        "from_view": ""
    }
},
{
    "model": "ipn.paypalipn",
    "pk": 40,
    "fields": {
        "business": "meganemilyduffy@gmail.com",
        "charset": "windows-1252",
        "custom": "1-5",
        "notify_version": "3.80",
        "parent_txn_id": "",
        "receiver_email": "meganemilyduffy@gmail.com",
        "receiver_id": "DU5NTK47BPPE6",
        "residence_country": "US",
        "test_ipn": true,
        "txn_id": "4RX414250Y7906300",
        "txn_type": "subscr_payment",
        "verify_sign": "AF0NdYdXiMT.NXT9PxiwlnF022guAMwmP2KL36j-GznMj5SftHqJYboL",
        "address_country": "",
        "address_city": "",
        "address_country_code": "",
        "address_name": "",
        "address_state": "",
        "address_status": "",
        "address_street": "",
        "address_zip": "",
        "contact_phone": "",
        "first_name": "Meg",
        "last_name": "In",
        "payer_business_name": "",
        "payer_email": "megin2@gmail.com",
        "payer_id": "Y9VCU69UCS8D4",
        "auth_amount": "0.00",
        "auth_exp": "",
        "auth_id": "",
        "auth_status": "",
        "exchange_rate": "0E-16",
        "invoice": "462c55d2-bf34-4316-a9ba-fc3eb951a88c",
        "item_name": "PyLadies Magazine",
        "item_number": "",
        "mc_currency": "USD",
        "mc_fee": "0.59",
        "mc_gross": "9.99",
        "mc_handling": "0.00",
        "mc_shipping": "0.00",
        "memo": "",
        "num_cart_items": 0,
        "option_name1": "",
        "option_name2": "",
        "option_selection1": "",
        "option_selection2": "",
        "payer_status": "verified",
        "payment_date": "2017-03-21T14:04:19Z",
        "payment_gross": "9.99",
        "payment_status": "Completed",
        "payment_type": "instant",
        "pending_reason": "",
        "protection_eligibility": "Ineligible",
        "quantity": 1,
        "reason_code": "",
        "remaining_settle": "0.00",
        "settle_amount": "0.00",
        "settle_currency": "",
        "shipping": "0.00",
        "shipping_method": "",
        "tax": "0.00",
        "transaction_entity": "",
        "auction_buyer_id": "",
        "auction_closing_date": null,
        "auction_multi_item": 0,
        "for_auction": "0.00",
        "amount": "0.00",
        "amount_per_cycle": "0.00",
        "initial_payment_amount": "0.00",
        "next_payment_date": null,
        "outstanding_balance": "0.00",
        "payment_cycle": "",
        "period_type": "",
        "product_name": "",
        "product_type": "",
        "profile_status": "",
        "recurring_payment_id": "",
        "rp_invoice_id": "",
        "time_created": null,
        "amount1": "0.00",
        "amount2": "0.00",
        "amount3": "0.00",
        "mc_amount1": "0.00",
        "mc_amount2": "0.00",
        "mc_amount3": "0.00",
        "password": "",
        "period1": "",
        "period2": "",
        "period3": "",
        "reattempt": "",
        "recur_times": 0,
        "recurring": "",
        "retry_at": null,
        "subscr_date": null,
        "subscr_effective": null,
        "subscr_id": "I-991Y5UCNAFA2",
        "username": "",
        "mp_id": "",
        "case_creation_date": null,
        "case_id": "",
        "case_type": "",
        "receipt_id": "",
        "currency_code": "USD",
        "handling_amount": "0.00",
        "transaction_subject": "PyLadies Magazine",
        "ipaddress": "127.0.0.1",
        "flag": false,
        "flag_code": "",
        "flag_info": "",
        "query": "transaction_subject=PyLadies+Magazine&payment_date=07%3A04%3A19+Mar+21%2C+2017+PDT&txn_type=subscr_payment&subscr_id=I-991Y5UCNAFA2&last_name=In&residence_country=US&item_name=PyLadies+Magazine&payment_gross=9.99&mc_currency=USD&business=meganemilyduffy%40gmail.com&payment_type=instant&protection_eligibility=Ineligible&verify_sign=AF0NdYdXiMT.NXT9PxiwlnF022guAMwmP2KL36j-GznMj5SftHqJYboL&payer_status=verified&test_ipn=1&payer_email=megin2%40gmail.com&txn_id=4RX414250Y7906300&receiver_email=meganemilyduffy%40gmail.com&first_name=Meg&invoice=462c55d2-bf34-4316-a9ba-fc3eb951a88c&payer_id=Y9VCU69UCS8D4&receiver_id=DU5NTK47BPPE6&payment_status=Completed&payment_fee=0.59&mc_fee=0.59&mc_gross=9.99&custom=1-5&charset=windows-1252&notify_version=3.8&ipn_track_id=e1b41d9eab3b0",
        "response": "VERIFIED",
        "created_at": "2017-03-21T14:05:07.453Z",
        "updated_at": "2017-03-21T14:05:07.648Z",
        "from_view": ""
    }
},
{
    "model": "ipn.paypalipn",
    "pk": 41,
    "fields": {
        "business": "meganemilyduffy@gmail.com",
        "charset": "windows-1252",
        "custom": "1-5",
        "notify_version": "3.80",
        "parent_txn_id": "",
        "receiver_email": "meganemilyduffy@gmail.com",
        "receiver_id": "",
        "residence_country": "US",
        "test_ipn": true,
        "txn_id": "",
        "txn_type": "subscr_signup",
        "verify_sign": "ArgX1JoEl.LNTJ5nkTmgzkfLaDiVAlG69y-x4-t9i1VCJSULhxhV5SC3",
        "address_country": "",
        "address_city": "",
        "address_country_code": "",
        "address_name": "",
        "address_state": "",
        "address_status": "",
        "address_street": "",
        "address_zip": "",
        "contact_phone": "",
        "first_name": "Meg",
        "last_name": "In",
        "payer_business_name": "",
        "payer_email": "megin2@gmail.com",
        "payer_id": "Y9VCU69UCS8D4",
        "auth_amount": "0.00",
        "auth_exp": "",
        "auth_id": "",
        "auth_status": "",
        "exchange_rate": "0E-16",
        "invoice": "462c55d2-bf34-4316-a9ba-fc3eb951a88c",
        "item_name": "PyLadies Magazine",
        "item_number": "",
        "mc_currency": "USD",
        "mc_fee": "0.00",
        "mc_gross": "0.00",
        "mc_handling": "0.00",
        "mc_shipping": "0.00",
        "memo": "",
        "num_cart_items": 0,
        "option_name1": "",
        "option_name2": "",
        "option_selection1": "",
        "option_selection2": "",
        "payer_status": "verified",
        "payment_date": null,
        "payment_gross": "0.00",
        "payment_status": "",
        "payment_type": "",
        "pending_reason": "",
        "protection_eligibility": "",
        "quantity": 1,
        "reason_code": "",
        "remaining_settle": "0.00",
        "settle_amount": "0.00",
        "settle_currency": "",
        "shipping": "0.00",
        "shipping_method": "",
        "tax": "0.00",
        "transaction_entity": "",
        "auction_buyer_id": "",
        "auction_closing_date": null,
        "auction_multi_item": 0,
        "for_auction": "0.00",
        "amount": "0.00",
        "amount_per_cycle": "0.00",
        "initial_payment_amount": "0.00",
        "next_payment_date": null,
        "outstanding_balance": "0.00",
        "payment_cycle": "",
        "period_type": "",
        "product_name": "",
        "product_type": "",
        "profile_status": "",
        "recurring_payment_id": "",
        "rp_invoice_id": "",
        "time_created": null,
        "amount1": "0.00",
        "amount2": "0.00",
        "amount3": "9.99",
        "mc_amount1": "0.00",
        "mc_amount2": "0.00",
        "mc_amount3": "9.99",
        "password": "",
        "period1": "",
        "period2": "",
        "period3": "1 M",
        "reattempt": "1",
        "recur_times": 0,
        "recurring": "1",
        "retry_at": null,
        "subscr_date": "2017-03-21T14:04:16Z",
        "subscr_effective": null,
        "subscr_id": "I-991Y5UCNAFA2",
        "username": "",
        "mp_id": "",
        "case_creation_date": null,
        "case_id": "",
        "case_type": "",
        "receipt_id": "",
        "currency_code": "USD",
        "handling_amount": "0.00",
        "transaction_subject": "",
        "ipaddress": "127.0.0.1",
        "flag": false,
        "flag_code": "",
        "flag_info": "",
        "query": "txn_type=subscr_signup&subscr_id=I-991Y5UCNAFA2&last_name=In&residence_country=US&mc_currency=USD&item_name=PyLadies+Magazine&business=meganemilyduffy%40gmail.com&amount3=9.99&recurring=1&verify_sign=ArgX1JoEl.LNTJ5nkTmgzkfLaDiVAlG69y-x4-t9i1VCJSULhxhV5SC3&payer_status=verified&test_ipn=1&payer_email=megin2%40gmail.com&first_name=Meg&receiver_email=meganemilyduffy%40gmail.com&payer_id=Y9VCU69UCS8D4&invoice=462c55d2-bf34-4316-a9ba-fc3eb951a88c&reattempt=1&subscr_date=07%3A04%3A16+Mar+21%2C+2017+PDT&custom=1-5&charset=windows-1252&notify_version=3.8&period3=1+M&mc_amount3=9.99&ipn_track_id=e1b41d9eab3b0",
        "response": "VERIFIED",
        "created_at": "2017-03-21T14:05:09.702Z",
        "updated_at": "2017-03-21T14:05:09.869Z",
        "from_view": ""
    }
},
{
    "model": "ipn.paypalipn",
    "pk": 42,
    "fields": {
        "business": "meganemilyduffy@gmail.com",
        "charset": "windows-1252",
        "custom": "1-5",
        "notify_version": "3.80",
        "parent_txn_id": "",
        "receiver_email": "meganemilyduffy@gmail.com",
        "receiver_id": "DU5NTK47BPPE6",
        "residence_country": "US",
        "test_ipn": true,
        "txn_id": "4RX414250Y7906300",
        "txn_type": "subscr_payment",
        "verify_sign": "AF0NdYdXiMT.NXT9PxiwlnF022guAMwmP2KL36j-GznMj5SftHqJYboL",
        "address_country": "",
        "address_city": "",
        "address_country_code": "",
        "address_name": "",
        "address_state": "",
        "address_status": "",
        "address_street": "",
        "address_zip": "",
        "contact_phone": "",
        "first_name": "Meg",
        "last_name": "In",
        "payer_business_name": "",
        "payer_email": "megin2@gmail.com",
        "payer_id": "Y9VCU69UCS8D4",
        "auth_amount": "0.00",
        "auth_exp": "",
        "auth_id": "",
        "auth_status": "",
        "exchange_rate": "0E-16",
        "invoice": "462c55d2-bf34-4316-a9ba-fc3eb951a88c",
        "item_name": "PyLadies Magazine",
        "item_number": "",
        "mc_currency": "USD",
        "mc_fee": "0.59",
        "mc_gross": "9.99",
        "mc_handling": "0.00",
        "mc_shipping": "0.00",
        "memo": "",
        "num_cart_items": 0,
        "option_name1": "",
        "option_name2": "",
        "option_selection1": "",
        "option_selection2": "",
        "payer_status": "verified",
        "payment_date": "2017-03-21T14:04:19Z",
        "payment_gross": "9.99",
        "payment_status": "Completed",
        "payment_type": "instant",
        "pending_reason": "",
        "protection_eligibility": "Ineligible",
        "quantity": 1,
        "reason_code": "",
        "remaining_settle": "0.00",
        "settle_amount": "0.00",
        "settle_currency": "",
        "shipping": "0.00",
        "shipping_method": "",
        "tax": "0.00",
        "transaction_entity": "",
        "auction_buyer_id": "",
        "auction_closing_date": null,
        "auction_multi_item": 0,
        "for_auction": "0.00",
        "amount": "0.00",
        "amount_per_cycle": "0.00",
        "initial_payment_amount": "0.00",
        "next_payment_date": null,
        "outstanding_balance": "0.00",
        "payment_cycle": "",
        "period_type": "",
        "product_name": "",
        "product_type": "",
        "profile_status": "",
        "recurring_payment_id": "",
        "rp_invoice_id": "",
        "time_created": null,
        "amount1": "0.00",
        "amount2": "0.00",
        "amount3": "0.00",
        "mc_amount1": "0.00",
        "mc_amount2": "0.00",
        "mc_amount3": "0.00",
        "password": "",
        "period1": "",
        "period2": "",
        "period3": "",
        "reattempt": "",
        "recur_times": 0,
        "recurring": "",
        "retry_at": null,
        "subscr_date": null,
        "subscr_effective": null,
        "subscr_id": "I-991Y5UCNAFA2",
        "username": "",
        "mp_id": "",
        "case_creation_date": null,
        "case_id": "",
        "case_type": "",
        "receipt_id": "",
        "currency_code": "USD",
        "handling_amount": "0.00",
        "transaction_subject": "PyLadies Magazine",
        "ipaddress": "127.0.0.1",
        "flag": true,
        "flag_code": "",
        "flag_info": "Duplicate txn_id. (4RX414250Y7906300)",
        "query": "transaction_subject=PyLadies+Magazine&payment_date=07%3A04%3A19+Mar+21%2C+2017+PDT&txn_type=subscr_payment&subscr_id=I-991Y5UCNAFA2&last_name=In&residence_country=US&item_name=PyLadies+Magazine&payment_gross=9.99&mc_currency=USD&business=meganemilyduffy%40gmail.com&payment_type=instant&protection_eligibility=Ineligible&verify_sign=AF0NdYdXiMT.NXT9PxiwlnF022guAMwmP2KL36j-GznMj5SftHqJYboL&payer_status=verified&test_ipn=1&payer_email=megin2%40gmail.com&txn_id=4RX414250Y7906300&receiver_email=meganemilyduffy%40gmail.com&first_name=Meg&invoice=462c55d2-bf34-4316-a9ba-fc3eb951a88c&payer_id=Y9VCU69UCS8D4&receiver_id=DU5NTK47BPPE6&payment_status=Completed&payment_fee=0.59&mc_fee=0.59&mc_gross=9.99&custom=1-5&charset=windows-1252&notify_version=3.8&ipn_track_id=e1b41d9eab3b0",
        "response": "VERIFIED",
        "created_at": "2017-03-21T14:07:04.470Z",
        "updated_at": "2017-03-21T14:07:04.659Z",
        "from_view": ""
    }
},
{
    "model": "ipn.paypalipn",
    "pk": 43,
    "fields": {
        "business": "meganemilyduffy@gmail.com",
        "charset": "windows-1252",
        "custom": "1-5",
        "notify_version": "3.80",
        "parent_txn_id": "",
        "receiver_email": "meganemilyduffy@gmail.com",
        "receiver_id": "DU5NTK47BPPE6",
        "residence_country": "US",
        "test_ipn": true,
        "txn_id": "3GE97216JS977131G",
        "txn_type": "subscr_payment",
        "verify_sign": "ADmhMw5gqASpvy.X38.nDdwooKz7A0TqcOk54UWvEdvCZAyVRB8qlll4",
        "address_country": "",
        "address_city": "",
        "address_country_code": "",
        "address_name": "",
        "address_state": "",
        "address_status": "",
        "address_street": "",
        "address_zip": "",
        "contact_phone": "",
        "first_name": "Meg",
        "last_name": "In",
        "payer_business_name": "",
        "payer_email": "megin2@gmail.com",
        "payer_id": "Y9VCU69UCS8D4",
        "auth_amount": "0.00",
        "auth_exp": "",
        "auth_id": "",
        "auth_status": "",
        "exchange_rate": "0E-16",
        "invoice": "716c5b86-b3f4-46ee-979e-650adbe7bbc2",
        "item_name": "PyLadies Magazine",
        "item_number": "",
        "mc_currency": "USD",
        "mc_fee": "0.59",
        "mc_gross": "9.99",
        "mc_handling": "0.00",
        "mc_shipping": "0.00",
        "memo": "",
        "num_cart_items": 0,
        "option_name1": "",
        "option_name2": "",
        "option_selection1": "",
        "option_selection2": "",
        "payer_status": "verified",
        "payment_date": "2017-03-21T13:53:31Z",
        "payment_gross": "9.99",
        "payment_status": "Completed",
        "payment_type": "instant",
        "pending_reason": "",
        "protection_eligibility": "Ineligible",
        "quantity": 1,
        "reason_code": "",
        "remaining_settle": "0.00",
        "settle_amount": "0.00",
        "settle_currency": "",
        "shipping": "0.00",
        "shipping_method": "",
        "tax": "0.00",
        "transaction_entity": "",
        "auction_buyer_id": "",
        "auction_closing_date": null,
        "auction_multi_item": 0,
        "for_auction": "0.00",
        "amount": "0.00",
        "amount_per_cycle": "0.00",
        "initial_payment_amount": "0.00",
        "next_payment_date": null,
        "outstanding_balance": "0.00",
        "payment_cycle": "",
        "period_type": "",
        "product_name": "",
        "product_type": "",
        "profile_status": "",
        "recurring_payment_id": "",
        "rp_invoice_id": "",
        "time_created": null,
        "amount1": "0.00",
        "amount2": "0.00",
        "amount3": "0.00",
        "mc_amount1": "0.00",
        "mc_amount2": "0.00",
        "mc_amount3": "0.00",
        "password": "",
        "period1": "",
        "period2": "",
        "period3": "",
        "reattempt": "",
        "recur_times": 0,
        "recurring": "",
        "retry_at": null,
        "subscr_date": null,
        "subscr_effective": null,
        "subscr_id": "I-H24S13GS09RU",
        "username": "",
        "mp_id": "",
        "case_creation_date": null,
        "case_id": "",
        "case_type": "",
        "receipt_id": "",
        "currency_code": "USD",
        "handling_amount": "0.00",
        "transaction_subject": "PyLadies Magazine",
        "ipaddress": "127.0.0.1",
        "flag": true,
        "flag_code": "",
        "flag_info": "Duplicate txn_id. (3GE97216JS977131G)",
        "query": "transaction_subject=PyLadies+Magazine&payment_date=06%3A53%3A31+Mar+21%2C+2017+PDT&txn_type=subscr_payment&subscr_id=I-H24S13GS09RU&last_name=In&residence_country=US&item_name=PyLadies+Magazine&payment_gross=9.99&mc_currency=USD&business=meganemilyduffy%40gmail.com&payment_type=instant&protection_eligibility=Ineligible&verify_sign=ADmhMw5gqASpvy.X38.nDdwooKz7A0TqcOk54UWvEdvCZAyVRB8qlll4&payer_status=verified&test_ipn=1&payer_email=megin2%40gmail.com&txn_id=3GE97216JS977131G&receiver_email=meganemilyduffy%40gmail.com&first_name=Meg&invoice=716c5b86-b3f4-46ee-979e-650adbe7bbc2&payer_id=Y9VCU69UCS8D4&receiver_id=DU5NTK47BPPE6&payment_status=Completed&payment_fee=0.59&mc_fee=0.59&mc_gross=9.99&custom=1-5&charset=windows-1252&notify_version=3.8&ipn_track_id=4aecf0b9d4e64",
        "response": "VERIFIED",
        "created_at": "2017-03-21T14:07:33.943Z",
        "updated_at": "2017-03-21T14:07:34.201Z",
        "from_view": ""
    }
},
{
    "model": "ipn.paypalipn",
    "pk": 44,
    "fields": {
        "business": "meganemilyduffy@gmail.com",
        "charset": "windows-1252",
        "custom": "1-5",
        "notify_version": "3.80",
        "parent_txn_id": "",
        "receiver_email": "meganemilyduffy@gmail.com",
        "receiver_id": "DU5NTK47BPPE6",
        "residence_country": "US",
        "test_ipn": true,
        "txn_id": "5W803588FJ000674V",
        "txn_type": "subscr_payment",
        "verify_sign": "AFd.erwt7VoeoUMr85yut0RloHozAKH7cLwMftVdtxp8Ohy1QD.iGguf",
        "address_country": "",
        "address_city": "",
        "address_country_code": "",
        "address_name": "",
        "address_state": "",
        "address_status": "",
        "address_street": "",
        "address_zip": "",
        "contact_phone": "",
        "first_name": "Meg",
        "last_name": "In",
        "payer_business_name": "",
        "payer_email": "megin2@gmail.com",
        "payer_id": "Y9VCU69UCS8D4",
        "auth_amount": "0.00",
        "auth_exp": "",
        "auth_id": "",
        "auth_status": "",
        "exchange_rate": "0E-16",
        "invoice": "d097c1e0-3285-487f-840d-8e66eb520f9d",
        "item_name": "PyLadies Magazine",
        "item_number": "",
        "mc_currency": "USD",
        "mc_fee": "0.59",
        "mc_gross": "9.99",
        "mc_handling": "0.00",
        "mc_shipping": "0.00",
        "memo": "",
        "num_cart_items": 0,
        "option_name1": "",
        "option_name2": "",
        "option_selection1": "",
        "option_selection2": "",
        "payer_status": "verified",
        "payment_date": "2017-03-21T14:19:07Z",
        "payment_gross": "9.99",
        "payment_status": "Completed",
        "payment_type": "instant",
        "pending_reason": "",
        "protection_eligibility": "Ineligible",
        "quantity": 1,
        "reason_code": "",
        "remaining_settle": "0.00",
        "settle_amount": "0.00",
        "settle_currency": "",
        "shipping": "0.00",
        "shipping_method": "",
        "tax": "0.00",
        "transaction_entity": "",
        "auction_buyer_id": "",
        "auction_closing_date": null,
        "auction_multi_item": 0,
        "for_auction": "0.00",
        "amount": "0.00",
        "amount_per_cycle": "0.00",
        "initial_payment_amount": "0.00",
        "next_payment_date": null,
        "outstanding_balance": "0.00",
        "payment_cycle": "",
        "period_type": "",
        "product_name": "",
        "product_type": "",
        "profile_status": "",
        "recurring_payment_id": "",
        "rp_invoice_id": "",
        "time_created": null,
        "amount1": "0.00",
        "amount2": "0.00",
        "amount3": "0.00",
        "mc_amount1": "0.00",
        "mc_amount2": "0.00",
        "mc_amount3": "0.00",
        "password": "",
        "period1": "",
        "period2": "",
        "period3": "",
        "reattempt": "",
        "recur_times": 0,
        "recurring": "",
        "retry_at": null,
        "subscr_date": null,
        "subscr_effective": null,
        "subscr_id": "I-GUT5W9J26USA",
        "username": "",
        "mp_id": "",
        "case_creation_date": null,
        "case_id": "",
        "case_type": "",
        "receipt_id": "",
        "currency_code": "USD",
        "handling_amount": "0.00",
        "transaction_subject": "PyLadies Magazine",
        "ipaddress": "127.0.0.1",
        "flag": false,
        "flag_code": "",
        "flag_info": "",
        "query": "transaction_subject=PyLadies+Magazine&payment_date=07%3A19%3A07+Mar+21%2C+2017+PDT&txn_type=subscr_payment&subscr_id=I-GUT5W9J26USA&last_name=In&residence_country=US&item_name=PyLadies+Magazine&payment_gross=9.99&mc_currency=USD&business=meganemilyduffy%40gmail.com&payment_type=instant&protection_eligibility=Ineligible&verify_sign=AFd.erwt7VoeoUMr85yut0RloHozAKH7cLwMftVdtxp8Ohy1QD.iGguf&payer_status=verified&test_ipn=1&payer_email=megin2%40gmail.com&txn_id=5W803588FJ000674V&receiver_email=meganemilyduffy%40gmail.com&first_name=Meg&invoice=d097c1e0-3285-487f-840d-8e66eb520f9d&payer_id=Y9VCU69UCS8D4&receiver_id=DU5NTK47BPPE6&payment_status=Completed&payment_fee=0.59&mc_fee=0.59&mc_gross=9.99&custom=1-5&charset=windows-1252&notify_version=3.8&ipn_track_id=ece5cd602869a",
        "response": "VERIFIED",
        "created_at": "2017-03-21T14:24:41.876Z",
        "updated_at": "2017-03-21T14:24:42.056Z",
        "from_view": ""
    }
},
{
    "model": "ipn.paypalipn",
    "pk": 45,
    "fields": {
        "business": "meganemilyduffy@gmail.com",
        "charset": "windows-1252",
        "custom": "1-5",
        "notify_version": "3.80",
        "parent_txn_id": "",
        "receiver_email": "meganemilyduffy@gmail.com",
        "receiver_id": "",
        "residence_country": "US",
        "test_ipn": true,
        "txn_id": "",
        "txn_type": "subscr_signup",
        "verify_sign": "AcE2uah9fzGQIYibH799J4hdOjH.A6--Aqt.c85sc5BKo4BYQ.1PMZOw",
        "address_country": "",
        "address_city": "",
        "address_country_code": "",
        "address_name": "",
        "address_state": "",
        "address_status": "",
        "address_street": "",
        "address_zip": "",
        "contact_phone": "",
        "first_name": "Meg",
        "last_name": "In",
        "payer_business_name": "",
        "payer_email": "megin2@gmail.com",
        "payer_id": "Y9VCU69UCS8D4",
        "auth_amount": "0.00",
        "auth_exp": "",
        "auth_id": "",
        "auth_status": "",
        "exchange_rate": "0E-16",
        "invoice": "d097c1e0-3285-487f-840d-8e66eb520f9d",
        "item_name": "PyLadies Magazine",
        "item_number": "",
        "mc_currency": "USD",
        "mc_fee": "0.00",
        "mc_gross": "0.00",
        "mc_handling": "0.00",
        "mc_shipping": "0.00",
        "memo": "",
        "num_cart_items": 0,
        "option_name1": "",
        "option_name2": "",
        "option_selection1": "",
        "option_selection2": "",
        "payer_status": "verified",
        "payment_date": null,
        "payment_gross": "0.00",
        "payment_status": "",
        "payment_type": "",
        "pending_reason": "",
        "protection_eligibility": "",
        "quantity": 1,
        "reason_code": "",
        "remaining_settle": "0.00",
        "settle_amount": "0.00",
        "settle_currency": "",
        "shipping": "0.00",
        "shipping_method": "",
        "tax": "0.00",
        "transaction_entity": "",
        "auction_buyer_id": "",
        "auction_closing_date": null,
        "auction_multi_item": 0,
        "for_auction": "0.00",
        "amount": "0.00",
        "amount_per_cycle": "0.00",
        "initial_payment_amount": "0.00",
        "next_payment_date": null,
        "outstanding_balance": "0.00",
        "payment_cycle": "",
        "period_type": "",
        "product_name": "",
        "product_type": "",
        "profile_status": "",
        "recurring_payment_id": "",
        "rp_invoice_id": "",
        "time_created": null,
        "amount1": "0.00",
        "amount2": "0.00",
        "amount3": "9.99",
        "mc_amount1": "0.00",
        "mc_amount2": "0.00",
        "mc_amount3": "9.99",
        "password": "",
        "period1": "",
        "period2": "",
        "period3": "1 M",
        "reattempt": "1",
        "recur_times": 0,
        "recurring": "1",
        "retry_at": null,
        "subscr_date": "2017-03-21T14:19:04Z",
        "subscr_effective": null,
        "subscr_id": "I-GUT5W9J26USA",
        "username": "",
        "mp_id": "",
        "case_creation_date": null,
        "case_id": "",
        "case_type": "",
        "receipt_id": "",
        "currency_code": "USD",
        "handling_amount": "0.00",
        "transaction_subject": "",
        "ipaddress": "127.0.0.1",
        "flag": false,
        "flag_code": "",
        "flag_info": "",
        "query": "txn_type=subscr_signup&subscr_id=I-GUT5W9J26USA&last_name=In&residence_country=US&mc_currency=USD&item_name=PyLadies+Magazine&business=meganemilyduffy%40gmail.com&amount3=9.99&recurring=1&verify_sign=AcE2uah9fzGQIYibH799J4hdOjH.A6--Aqt.c85sc5BKo4BYQ.1PMZOw&payer_status=verified&test_ipn=1&payer_email=megin2%40gmail.com&first_name=Meg&receiver_email=meganemilyduffy%40gmail.com&payer_id=Y9VCU69UCS8D4&invoice=d097c1e0-3285-487f-840d-8e66eb520f9d&reattempt=1&subscr_date=07%3A19%3A04+Mar+21%2C+2017+PDT&custom=1-5&charset=windows-1252&notify_version=3.8&period3=1+M&mc_amount3=9.99&ipn_track_id=ece5cd602869a",
        "response": "VERIFIED",
        "created_at": "2017-03-21T14:24:44.417Z",
        "updated_at": "2017-03-21T14:24:44.560Z",
        "from_view": ""
    }
},
{
    "model": "ipn.paypalipn",
    "pk": 46,
    "fields": {
        "business": "meganemilyduffy@gmail.com",
        "charset": "windows-1252",
        "custom": "1-5",
        "notify_version": "3.80",
        "parent_txn_id": "",
        "receiver_email": "meganemilyduffy@gmail.com",
        "receiver_id": "",
        "residence_country": "US",
        "test_ipn": true,
        "txn_id": "",
        "txn_type": "subscr_signup",
        "verify_sign": "AoIlwP.cbXyRSnpgjFfIYtfb677IA8H.TZ5SzPCdtAYqwXKT7.5LRLA9",
        "address_country": "",
        "address_city": "",
        "address_country_code": "",
        "address_name": "",
        "address_state": "",
        "address_status": "",
        "address_street": "",
        "address_zip": "",
        "contact_phone": "",
        "first_name": "Meg",
        "last_name": "In",
        "payer_business_name": "",
        "payer_email": "megin2@gmail.com",
        "payer_id": "Y9VCU69UCS8D4",
        "auth_amount": "0.00",
        "auth_exp": "",
        "auth_id": "",
        "auth_status": "",
        "exchange_rate": "0E-16",
        "invoice": "172cef6b-7b64-46fb-87ba-974855fcd51f",
        "item_name": "PyLadies Magazine",
        "item_number": "",
        "mc_currency": "USD",
        "mc_fee": "0.00",
        "mc_gross": "0.00",
        "mc_handling": "0.00",
        "mc_shipping": "0.00",
        "memo": "",
        "num_cart_items": 0,
        "option_name1": "",
        "option_name2": "",
        "option_selection1": "",
        "option_selection2": "",
        "payer_status": "verified",
        "payment_date": null,
        "payment_gross": "0.00",
        "payment_status": "",
        "payment_type": "",
        "pending_reason": "",
        "protection_eligibility": "",
        "quantity": 1,
        "reason_code": "",
        "remaining_settle": "0.00",
        "settle_amount": "0.00",
        "settle_currency": "",
        "shipping": "0.00",
        "shipping_method": "",
        "tax": "0.00",
        "transaction_entity": "",
        "auction_buyer_id": "",
        "auction_closing_date": null,
        "auction_multi_item": 0,
        "for_auction": "0.00",
        "amount": "0.00",
        "amount_per_cycle": "0.00",
        "initial_payment_amount": "0.00",
        "next_payment_date": null,
        "outstanding_balance": "0.00",
        "payment_cycle": "",
        "period_type": "",
        "product_name": "",
        "product_type": "",
        "profile_status": "",
        "recurring_payment_id": "",
        "rp_invoice_id": "",
        "time_created": null,
        "amount1": "0.00",
        "amount2": "0.00",
        "amount3": "9.99",
        "mc_amount1": "0.00",
        "mc_amount2": "0.00",
        "mc_amount3": "9.99",
        "password": "",
        "period1": "",
        "period2": "",
        "period3": "1 M",
        "reattempt": "1",
        "recur_times": 0,
        "recurring": "1",
        "retry_at": null,
        "subscr_date": "2017-03-21T14:22:43Z",
        "subscr_effective": null,
        "subscr_id": "I-X7MT3F5P89MX",
        "username": "",
        "mp_id": "",
        "case_creation_date": null,
        "case_id": "",
        "case_type": "",
        "receipt_id": "",
        "currency_code": "USD",
        "handling_amount": "0.00",
        "transaction_subject": "",
        "ipaddress": "127.0.0.1",
        "flag": false,
        "flag_code": "",
        "flag_info": "",
        "query": "txn_type=subscr_signup&subscr_id=I-X7MT3F5P89MX&last_name=In&residence_country=US&mc_currency=USD&item_name=PyLadies+Magazine&business=meganemilyduffy%40gmail.com&amount3=9.99&recurring=1&verify_sign=AoIlwP.cbXyRSnpgjFfIYtfb677IA8H.TZ5SzPCdtAYqwXKT7.5LRLA9&payer_status=verified&test_ipn=1&payer_email=megin2%40gmail.com&first_name=Meg&receiver_email=meganemilyduffy%40gmail.com&payer_id=Y9VCU69UCS8D4&invoice=172cef6b-7b64-46fb-87ba-974855fcd51f&reattempt=1&subscr_date=07%3A22%3A43+Mar+21%2C+2017+PDT&custom=1-5&charset=windows-1252&notify_version=3.8&period3=1+M&mc_amount3=9.99&ipn_track_id=e5d735f22dbd4",
        "response": "VERIFIED",
        "created_at": "2017-03-21T14:26:55.482Z",
        "updated_at": "2017-03-21T14:26:55.657Z",
        "from_view": ""
    }
},
{
    "model": "ipn.paypalipn",
    "pk": 47,
    "fields": {
        "business": "meganemilyduffy@gmail.com",
        "charset": "windows-1252",
        "custom": "1-5",
        "notify_version": "3.80",
        "parent_txn_id": "",
        "receiver_email": "meganemilyduffy@gmail.com",
        "receiver_id": "DU5NTK47BPPE6",
        "residence_country": "US",
        "test_ipn": true,
        "txn_id": "0UN69387UA351162D",
        "txn_type": "subscr_payment",
        "verify_sign": "AFUhKvG.hUdp5nbFdrFGZHB7E92YAk-pjSvmAUz2863edPMGQVLdaXHz",
        "address_country": "",
        "address_city": "",
        "address_country_code": "",
        "address_name": "",
        "address_state": "",
        "address_status": "",
        "address_street": "",
        "address_zip": "",
        "contact_phone": "",
        "first_name": "Meg",
        "last_name": "In",
        "payer_business_name": "",
        "payer_email": "megin2@gmail.com",
        "payer_id": "Y9VCU69UCS8D4",
        "auth_amount": "0.00",
        "auth_exp": "",
        "auth_id": "",
        "auth_status": "",
        "exchange_rate": "0E-16",
        "invoice": "172cef6b-7b64-46fb-87ba-974855fcd51f",
        "item_name": "PyLadies Magazine",
        "item_number": "",
        "mc_currency": "USD",
        "mc_fee": "0.59",
        "mc_gross": "9.99",
        "mc_handling": "0.00",
        "mc_shipping": "0.00",
        "memo": "",
        "num_cart_items": 0,
        "option_name1": "",
        "option_name2": "",
        "option_selection1": "",
        "option_selection2": "",
        "payer_status": "verified",
        "payment_date": "2017-03-21T14:22:46Z",
        "payment_gross": "9.99",
        "payment_status": "Completed",
        "payment_type": "instant",
        "pending_reason": "",
        "protection_eligibility": "Ineligible",
        "quantity": 1,
        "reason_code": "",
        "remaining_settle": "0.00",
        "settle_amount": "0.00",
        "settle_currency": "",
        "shipping": "0.00",
        "shipping_method": "",
        "tax": "0.00",
        "transaction_entity": "",
        "auction_buyer_id": "",
        "auction_closing_date": null,
        "auction_multi_item": 0,
        "for_auction": "0.00",
        "amount": "0.00",
        "amount_per_cycle": "0.00",
        "initial_payment_amount": "0.00",
        "next_payment_date": null,
        "outstanding_balance": "0.00",
        "payment_cycle": "",
        "period_type": "",
        "product_name": "",
        "product_type": "",
        "profile_status": "",
        "recurring_payment_id": "",
        "rp_invoice_id": "",
        "time_created": null,
        "amount1": "0.00",
        "amount2": "0.00",
        "amount3": "0.00",
        "mc_amount1": "0.00",
        "mc_amount2": "0.00",
        "mc_amount3": "0.00",
        "password": "",
        "period1": "",
        "period2": "",
        "period3": "",
        "reattempt": "",
        "recur_times": 0,
        "recurring": "",
        "retry_at": null,
        "subscr_date": null,
        "subscr_effective": null,
        "subscr_id": "I-X7MT3F5P89MX",
        "username": "",
        "mp_id": "",
        "case_creation_date": null,
        "case_id": "",
        "case_type": "",
        "receipt_id": "",
        "currency_code": "USD",
        "handling_amount": "0.00",
        "transaction_subject": "PyLadies Magazine",
        "ipaddress": "127.0.0.1",
        "flag": false,
        "flag_code": "",
        "flag_info": "",
        "query": "transaction_subject=PyLadies+Magazine&payment_date=07%3A22%3A46+Mar+21%2C+2017+PDT&txn_type=subscr_payment&subscr_id=I-X7MT3F5P89MX&last_name=In&residence_country=US&item_name=PyLadies+Magazine&payment_gross=9.99&mc_currency=USD&business=meganemilyduffy%40gmail.com&payment_type=instant&protection_eligibility=Ineligible&verify_sign=AFUhKvG.hUdp5nbFdrFGZHB7E92YAk-pjSvmAUz2863edPMGQVLdaXHz&payer_status=verified&test_ipn=1&payer_email=megin2%40gmail.com&txn_id=0UN69387UA351162D&receiver_email=meganemilyduffy%40gmail.com&first_name=Meg&invoice=172cef6b-7b64-46fb-87ba-974855fcd51f&payer_id=Y9VCU69UCS8D4&receiver_id=DU5NTK47BPPE6&payment_status=Completed&payment_fee=0.59&mc_fee=0.59&mc_gross=9.99&custom=1-5&charset=windows-1252&notify_version=3.8&ipn_track_id=e5d735f22dbd4",
        "response": "VERIFIED",
        "created_at": "2017-03-21T14:27:00.675Z",
        "updated_at": "2017-03-21T14:27:00.837Z",
        "from_view": ""
    }
},
{
    "model": "ipn.paypalipn",
    "pk": 48,
    "fields": {
        "business": "meganemilyduffy@gmail.com",
        "charset": "windows-1252",
        "custom": "1-5",
        "notify_version": "3.80",
        "parent_txn_id": "",
        "receiver_email": "meganemilyduffy@gmail.com",
        "receiver_id": "",
        "residence_country": "US",
        "test_ipn": true,
        "txn_id": "",
        "txn_type": "subscr_signup",
        "verify_sign": "AFcWxV21C7fd0v3bYYYRCpSSRl31AY5.1Sh1nWB6h8b9QPEzdjRTgqnk",
        "address_country": "",
        "address_city": "",
        "address_country_code": "",
        "address_name": "",
        "address_state": "",
        "address_status": "",
        "address_street": "",
        "address_zip": "",
        "contact_phone": "",
        "first_name": "Meg",
        "last_name": "In",
        "payer_business_name": "",
        "payer_email": "megin2@gmail.com",
        "payer_id": "Y9VCU69UCS8D4",
        "auth_amount": "0.00",
        "auth_exp": "",
        "auth_id": "",
        "auth_status": "",
        "exchange_rate": "0E-16",
        "invoice": "cbb766b7-052a-4f42-a14b-c6d6d946c9e2",
        "item_name": "PyLadies Magazine",
        "item_number": "",
        "mc_currency": "USD",
        "mc_fee": "0.00",
        "mc_gross": "0.00",
        "mc_handling": "0.00",
        "mc_shipping": "0.00",
        "memo": "",
        "num_cart_items": 0,
        "option_name1": "",
        "option_name2": "",
        "option_selection1": "",
        "option_selection2": "",
        "payer_status": "verified",
        "payment_date": null,
        "payment_gross": "0.00",
        "payment_status": "",
        "payment_type": "",
        "pending_reason": "",
        "protection_eligibility": "",
        "quantity": 1,
        "reason_code": "",
        "remaining_settle": "0.00",
        "settle_amount": "0.00",
        "settle_currency": "",
        "shipping": "0.00",
        "shipping_method": "",
        "tax": "0.00",
        "transaction_entity": "",
        "auction_buyer_id": "",
        "auction_closing_date": null,
        "auction_multi_item": 0,
        "for_auction": "0.00",
        "amount": "0.00",
        "amount_per_cycle": "0.00",
        "initial_payment_amount": "0.00",
        "next_payment_date": null,
        "outstanding_balance": "0.00",
        "payment_cycle": "",
        "period_type": "",
        "product_name": "",
        "product_type": "",
        "profile_status": "",
        "recurring_payment_id": "",
        "rp_invoice_id": "",
        "time_created": null,
        "amount1": "0.00",
        "amount2": "0.00",
        "amount3": "9.99",
        "mc_amount1": "0.00",
        "mc_amount2": "0.00",
        "mc_amount3": "9.99",
        "password": "",
        "period1": "",
        "period2": "",
        "period3": "1 M",
        "reattempt": "1",
        "recur_times": 0,
        "recurring": "1",
        "retry_at": null,
        "subscr_date": "2017-03-21T14:24:38Z",
        "subscr_effective": null,
        "subscr_id": "I-9K0LFDTDJPAK",
        "username": "",
        "mp_id": "",
        "case_creation_date": null,
        "case_id": "",
        "case_type": "",
        "receipt_id": "",
        "currency_code": "USD",
        "handling_amount": "0.00",
        "transaction_subject": "",
        "ipaddress": "127.0.0.1",
        "flag": false,
        "flag_code": "",
        "flag_info": "",
        "query": "txn_type=subscr_signup&subscr_id=I-9K0LFDTDJPAK&last_name=In&residence_country=US&mc_currency=USD&item_name=PyLadies+Magazine&business=meganemilyduffy%40gmail.com&amount3=9.99&recurring=1&verify_sign=AFcWxV21C7fd0v3bYYYRCpSSRl31AY5.1Sh1nWB6h8b9QPEzdjRTgqnk&payer_status=verified&test_ipn=1&payer_email=megin2%40gmail.com&first_name=Meg&receiver_email=meganemilyduffy%40gmail.com&payer_id=Y9VCU69UCS8D4&invoice=cbb766b7-052a-4f42-a14b-c6d6d946c9e2&reattempt=1&subscr_date=07%3A24%3A38+Mar+21%2C+2017+PDT&custom=1-5&charset=windows-1252&notify_version=3.8&period3=1+M&mc_amount3=9.99&ipn_track_id=10b1129f21686",
        "response": "VERIFIED",
        "created_at": "2017-03-21T14:28:05.578Z",
        "updated_at": "2017-03-21T14:28:05.711Z",
        "from_view": ""
    }
},
{
    "model": "ipn.paypalipn",
    "pk": 49,
    "fields": {
        "business": "meganemilyduffy@gmail.com",
        "charset": "windows-1252",
        "custom": "1-5",
        "notify_version": "3.80",
        "parent_txn_id": "",
        "receiver_email": "meganemilyduffy@gmail.com",
        "receiver_id": "DU5NTK47BPPE6",
        "residence_country": "US",
        "test_ipn": true,
        "txn_id": "5FA752361S068122J",
        "txn_type": "subscr_payment",
        "verify_sign": "AA5-MECTA9ewcabfxYBNqYXkb1uvAN06HbPPKEFqtmM5P7iO2vMWo5.5",
        "address_country": "",
        "address_city": "",
        "address_country_code": "",
        "address_name": "",
        "address_state": "",
        "address_status": "",
        "address_street": "",
        "address_zip": "",
        "contact_phone": "",
        "first_name": "Meg",
        "last_name": "In",
        "payer_business_name": "",
        "payer_email": "megin2@gmail.com",
        "payer_id": "Y9VCU69UCS8D4",
        "auth_amount": "0.00",
        "auth_exp": "",
        "auth_id": "",
        "auth_status": "",
        "exchange_rate": "0E-16",
        "invoice": "cbb766b7-052a-4f42-a14b-c6d6d946c9e2",
        "item_name": "PyLadies Magazine",
        "item_number": "",
        "mc_currency": "USD",
        "mc_fee": "0.59",
        "mc_gross": "9.99",
        "mc_handling": "0.00",
        "mc_shipping": "0.00",
        "memo": "",
        "num_cart_items": 0,
        "option_name1": "",
        "option_name2": "",
        "option_selection1": "",
        "option_selection2": "",
        "payer_status": "verified",
        "payment_date": "2017-03-21T14:24:40Z",
        "payment_gross": "9.99",
        "payment_status": "Completed",
        "payment_type": "instant",
        "pending_reason": "",
        "protection_eligibility": "Ineligible",
        "quantity": 1,
        "reason_code": "",
        "remaining_settle": "0.00",
        "settle_amount": "0.00",
        "settle_currency": "",
        "shipping": "0.00",
        "shipping_method": "",
        "tax": "0.00",
        "transaction_entity": "",
        "auction_buyer_id": "",
        "auction_closing_date": null,
        "auction_multi_item": 0,
        "for_auction": "0.00",
        "amount": "0.00",
        "amount_per_cycle": "0.00",
        "initial_payment_amount": "0.00",
        "next_payment_date": null,
        "outstanding_balance": "0.00",
        "payment_cycle": "",
        "period_type": "",
        "product_name": "",
        "product_type": "",
        "profile_status": "",
        "recurring_payment_id": "",
        "rp_invoice_id": "",
        "time_created": null,
        "amount1": "0.00",
        "amount2": "0.00",
        "amount3": "0.00",
        "mc_amount1": "0.00",
        "mc_amount2": "0.00",
        "mc_amount3": "0.00",
        "password": "",
        "period1": "",
        "period2": "",
        "period3": "",
        "reattempt": "",
        "recur_times": 0,
        "recurring": "",
        "retry_at": null,
        "subscr_date": null,
        "subscr_effective": null,
        "subscr_id": "I-9K0LFDTDJPAK",
        "username": "",
        "mp_id": "",
        "case_creation_date": null,
        "case_id": "",
        "case_type": "",
        "receipt_id": "",
        "currency_code": "USD",
        "handling_amount": "0.00",
        "transaction_subject": "PyLadies Magazine",
        "ipaddress": "127.0.0.1",
        "flag": false,
        "flag_code": "",
        "flag_info": "",
        "query": "transaction_subject=PyLadies+Magazine&payment_date=07%3A24%3A40+Mar+21%2C+2017+PDT&txn_type=subscr_payment&subscr_id=I-9K0LFDTDJPAK&last_name=In&residence_country=US&item_name=PyLadies+Magazine&payment_gross=9.99&mc_currency=USD&business=meganemilyduffy%40gmail.com&payment_type=instant&protection_eligibility=Ineligible&verify_sign=AA5-MECTA9ewcabfxYBNqYXkb1uvAN06HbPPKEFqtmM5P7iO2vMWo5.5&payer_status=verified&test_ipn=1&payer_email=megin2%40gmail.com&txn_id=5FA752361S068122J&receiver_email=meganemilyduffy%40gmail.com&first_name=Meg&invoice=cbb766b7-052a-4f42-a14b-c6d6d946c9e2&payer_id=Y9VCU69UCS8D4&receiver_id=DU5NTK47BPPE6&payment_status=Completed&payment_fee=0.59&mc_fee=0.59&mc_gross=9.99&custom=1-5&charset=windows-1252&notify_version=3.8&ipn_track_id=10b1129f21686",
        "response": "VERIFIED",
        "created_at": "2017-03-21T14:28:05.935Z",
        "updated_at": "2017-03-21T14:28:06.075Z",
        "from_view": ""
    }
},
{
    "model": "ipn.paypalipn",
    "pk": 50,
    "fields": {
        "business": "meganemilyduffy@gmail.com",
        "charset": "windows-1252",
        "custom": "2-6",
        "notify_version": "3.80",
        "parent_txn_id": "",
        "receiver_email": "meganemilyduffy@gmail.com",
        "receiver_id": "",
        "residence_country": "US",
        "test_ipn": true,
        "txn_id": "",
        "txn_type": "subscr_signup",
        "verify_sign": "AH1pol-O9H-rvd9mM0ld1W1mHNV0AEqM3eyvnAYYG9332iJ.-t2qWvHW",
        "address_country": "",
        "address_city": "",
        "address_country_code": "",
        "address_name": "",
        "address_state": "",
        "address_status": "",
        "address_street": "",
        "address_zip": "",
        "contact_phone": "",
        "first_name": "Meg",
        "last_name": "In",
        "payer_business_name": "",
        "payer_email": "megin2@gmail.com",
        "payer_id": "Y9VCU69UCS8D4",
        "auth_amount": "0.00",
        "auth_exp": "",
        "auth_id": "",
        "auth_status": "",
        "exchange_rate": "0E-16",
        "invoice": "18c688ef-a8e2-4d49-b6bb-4ba5b5fe773a",
        "item_name": "Natural Glow Magazine",
        "item_number": "",
        "mc_currency": "USD",
        "mc_fee": "0.00",
        "mc_gross": "0.00",
        "mc_handling": "0.00",
        "mc_shipping": "0.00",
        "memo": "",
        "num_cart_items": 0,
        "option_name1": "",
        "option_name2": "",
        "option_selection1": "",
        "option_selection2": "",
        "payer_status": "verified",
        "payment_date": null,
        "payment_gross": "0.00",
        "payment_status": "",
        "payment_type": "",
        "pending_reason": "",
        "protection_eligibility": "",
        "quantity": 1,
        "reason_code": "",
        "remaining_settle": "0.00",
        "settle_amount": "0.00",
        "settle_currency": "",
        "shipping": "0.00",
        "shipping_method": "",
        "tax": "0.00",
        "transaction_entity": "",
        "auction_buyer_id": "",
        "auction_closing_date": null,
        "auction_multi_item": 0,
        "for_auction": "0.00",
        "amount": "0.00",
        "amount_per_cycle": "0.00",
        "initial_payment_amount": "0.00",
        "next_payment_date": null,
        "outstanding_balance": "0.00",
        "payment_cycle": "",
        "period_type": "",
        "product_name": "",
        "product_type": "",
        "profile_status": "",
        "recurring_payment_id": "",
        "rp_invoice_id": "",
        "time_created": null,
        "amount1": "0.00",
        "amount2": "0.00",
        "amount3": "9.99",
        "mc_amount1": "0.00",
        "mc_amount2": "0.00",
        "mc_amount3": "9.99",
        "password": "",
        "period1": "",
        "period2": "",
        "period3": "1 M",
        "reattempt": "1",
        "recur_times": 0,
        "recurring": "1",
        "retry_at": null,
        "subscr_date": "2017-03-21T14:42:36Z",
        "subscr_effective": null,
        "subscr_id": "I-W5KS0EH3CUL6",
        "username": "",
        "mp_id": "",
        "case_creation_date": null,
        "case_id": "",
        "case_type": "",
        "receipt_id": "",
        "currency_code": "USD",
        "handling_amount": "0.00",
        "transaction_subject": "",
        "ipaddress": "127.0.0.1",
        "flag": false,
        "flag_code": "",
        "flag_info": "",
        "query": "txn_type=subscr_signup&subscr_id=I-W5KS0EH3CUL6&last_name=In&residence_country=US&mc_currency=USD&item_name=Natural+Glow+Magazine&business=meganemilyduffy%40gmail.com&amount3=9.99&recurring=1&verify_sign=AH1pol-O9H-rvd9mM0ld1W1mHNV0AEqM3eyvnAYYG9332iJ.-t2qWvHW&payer_status=verified&test_ipn=1&payer_email=megin2%40gmail.com&first_name=Meg&receiver_email=meganemilyduffy%40gmail.com&payer_id=Y9VCU69UCS8D4&invoice=18c688ef-a8e2-4d49-b6bb-4ba5b5fe773a&reattempt=1&subscr_date=07%3A42%3A36+Mar+21%2C+2017+PDT&custom=2-6&charset=windows-1252&notify_version=3.8&period3=1+M&mc_amount3=9.99&ipn_track_id=b12dd9ad11920",
        "response": "VERIFIED",
        "created_at": "2017-03-21T14:43:07.194Z",
        "updated_at": "2017-03-21T14:43:07.359Z",
        "from_view": ""
    }
},
{
    "model": "ipn.paypalipn",
    "pk": 51,
    "fields": {
        "business": "meganemilyduffy@gmail.com",
        "charset": "windows-1252",
        "custom": "2-6",
        "notify_version": "3.80",
        "parent_txn_id": "",
        "receiver_email": "meganemilyduffy@gmail.com",
        "receiver_id": "DU5NTK47BPPE6",
        "residence_country": "US",
        "test_ipn": true,
        "txn_id": "7R860806YG943630E",
        "txn_type": "subscr_payment",
        "verify_sign": "AbBIww12EQnvrHwYmd1wb98zYz53Ai5.4LSrm4kvSXx7xzeaIeB8sm9q",
        "address_country": "",
        "address_city": "",
        "address_country_code": "",
        "address_name": "",
        "address_state": "",
        "address_status": "",
        "address_street": "",
        "address_zip": "",
        "contact_phone": "",
        "first_name": "Meg",
        "last_name": "In",
        "payer_business_name": "",
        "payer_email": "megin2@gmail.com",
        "payer_id": "Y9VCU69UCS8D4",
        "auth_amount": "0.00",
        "auth_exp": "",
        "auth_id": "",
        "auth_status": "",
        "exchange_rate": "0E-16",
        "invoice": "18c688ef-a8e2-4d49-b6bb-4ba5b5fe773a",
        "item_name": "Natural Glow Magazine",
        "item_number": "",
        "mc_currency": "USD",
        "mc_fee": "0.59",
        "mc_gross": "9.99",
        "mc_handling": "0.00",
        "mc_shipping": "0.00",
        "memo": "",
        "num_cart_items": 0,
        "option_name1": "",
        "option_name2": "",
        "option_selection1": "",
        "option_selection2": "",
        "payer_status": "verified",
        "payment_date": "2017-03-21T14:42:39Z",
        "payment_gross": "9.99",
        "payment_status": "Completed",
        "payment_type": "instant",
        "pending_reason": "",
        "protection_eligibility": "Ineligible",
        "quantity": 1,
        "reason_code": "",
        "remaining_settle": "0.00",
        "settle_amount": "0.00",
        "settle_currency": "",
        "shipping": "0.00",
        "shipping_method": "",
        "tax": "0.00",
        "transaction_entity": "",
        "auction_buyer_id": "",
        "auction_closing_date": null,
        "auction_multi_item": 0,
        "for_auction": "0.00",
        "amount": "0.00",
        "amount_per_cycle": "0.00",
        "initial_payment_amount": "0.00",
        "next_payment_date": null,
        "outstanding_balance": "0.00",
        "payment_cycle": "",
        "period_type": "",
        "product_name": "",
        "product_type": "",
        "profile_status": "",
        "recurring_payment_id": "",
        "rp_invoice_id": "",
        "time_created": null,
        "amount1": "0.00",
        "amount2": "0.00",
        "amount3": "0.00",
        "mc_amount1": "0.00",
        "mc_amount2": "0.00",
        "mc_amount3": "0.00",
        "password": "",
        "period1": "",
        "period2": "",
        "period3": "",
        "reattempt": "",
        "recur_times": 0,
        "recurring": "",
        "retry_at": null,
        "subscr_date": null,
        "subscr_effective": null,
        "subscr_id": "I-W5KS0EH3CUL6",
        "username": "",
        "mp_id": "",
        "case_creation_date": null,
        "case_id": "",
        "case_type": "",
        "receipt_id": "",
        "currency_code": "USD",
        "handling_amount": "0.00",
        "transaction_subject": "Natural Glow Magazine",
        "ipaddress": "127.0.0.1",
        "flag": false,
        "flag_code": "",
        "flag_info": "",
        "query": "transaction_subject=Natural+Glow+Magazine&payment_date=07%3A42%3A39+Mar+21%2C+2017+PDT&txn_type=subscr_payment&subscr_id=I-W5KS0EH3CUL6&last_name=In&residence_country=US&item_name=Natural+Glow+Magazine&payment_gross=9.99&mc_currency=USD&business=meganemilyduffy%40gmail.com&payment_type=instant&protection_eligibility=Ineligible&verify_sign=AbBIww12EQnvrHwYmd1wb98zYz53Ai5.4LSrm4kvSXx7xzeaIeB8sm9q&payer_status=verified&test_ipn=1&payer_email=megin2%40gmail.com&txn_id=7R860806YG943630E&receiver_email=meganemilyduffy%40gmail.com&first_name=Meg&invoice=18c688ef-a8e2-4d49-b6bb-4ba5b5fe773a&payer_id=Y9VCU69UCS8D4&receiver_id=DU5NTK47BPPE6&payment_status=Completed&payment_fee=0.59&mc_fee=0.59&mc_gross=9.99&custom=2-6&charset=windows-1252&notify_version=3.8&ipn_track_id=b12dd9ad11920",
        "response": "VERIFIED",
        "created_at": "2017-03-21T14:43:07.246Z",
        "updated_at": "2017-03-21T14:43:07.530Z",
        "from_view": ""
    }
},
{
    "model": "ipn.paypalipn",
    "pk": 52,
    "fields": {
        "business": "meganemilyduffy@gmail.com",
        "charset": "windows-1252",
        "custom": "2-5",
        "notify_version": "3.80",
        "parent_txn_id": "",
        "receiver_email": "meganemilyduffy@gmail.com",
        "receiver_id": "",
        "residence_country": "US",
        "test_ipn": true,
        "txn_id": "",
        "txn_type": "subscr_signup",
        "verify_sign": "ACUe-E7Hjxmeel8FjYAtjnx-yjHAAZ5jH.ypGcQENdSrM4FOpq3Y6Spw",
        "address_country": "",
        "address_city": "",
        "address_country_code": "",
        "address_name": "",
        "address_state": "",
        "address_status": "",
        "address_street": "",
        "address_zip": "",
        "contact_phone": "",
        "first_name": "Meg",
        "last_name": "In",
        "payer_business_name": "",
        "payer_email": "megin2@gmail.com",
        "payer_id": "Y9VCU69UCS8D4",
        "auth_amount": "0.00",
        "auth_exp": "",
        "auth_id": "",
        "auth_status": "",
        "exchange_rate": "0E-16",
        "invoice": "f8049b34-09c3-4f9f-95a6-b8cb8bb76503",
        "item_name": "Natural Glow Magazine",
        "item_number": "",
        "mc_currency": "USD",
        "mc_fee": "0.00",
        "mc_gross": "0.00",
        "mc_handling": "0.00",
        "mc_shipping": "0.00",
        "memo": "",
        "num_cart_items": 0,
        "option_name1": "",
        "option_name2": "",
        "option_selection1": "",
        "option_selection2": "",
        "payer_status": "verified",
        "payment_date": null,
        "payment_gross": "0.00",
        "payment_status": "",
        "payment_type": "",
        "pending_reason": "",
        "protection_eligibility": "",
        "quantity": 1,
        "reason_code": "",
        "remaining_settle": "0.00",
        "settle_amount": "0.00",
        "settle_currency": "",
        "shipping": "0.00",
        "shipping_method": "",
        "tax": "0.00",
        "transaction_entity": "",
        "auction_buyer_id": "",
        "auction_closing_date": null,
        "auction_multi_item": 0,
        "for_auction": "0.00",
        "amount": "0.00",
        "amount_per_cycle": "0.00",
        "initial_payment_amount": "0.00",
        "next_payment_date": null,
        "outstanding_balance": "0.00",
        "payment_cycle": "",
        "period_type": "",
        "product_name": "",
        "product_type": "",
        "profile_status": "",
        "recurring_payment_id": "",
        "rp_invoice_id": "",
        "time_created": null,
        "amount1": "0.00",
        "amount2": "0.00",
        "amount3": "9.99",
        "mc_amount1": "0.00",
        "mc_amount2": "0.00",
        "mc_amount3": "9.99",
        "password": "",
        "period1": "",
        "period2": "",
        "period3": "1 M",
        "reattempt": "1",
        "recur_times": 0,
        "recurring": "1",
        "retry_at": null,
        "subscr_date": "2017-03-21T15:05:25Z",
        "subscr_effective": null,
        "subscr_id": "I-7TAM5F1YXVD8",
        "username": "",
        "mp_id": "",
        "case_creation_date": null,
        "case_id": "",
        "case_type": "",
        "receipt_id": "",
        "currency_code": "USD",
        "handling_amount": "0.00",
        "transaction_subject": "",
        "ipaddress": "127.0.0.1",
        "flag": false,
        "flag_code": "",
        "flag_info": "",
        "query": "txn_type=subscr_signup&subscr_id=I-7TAM5F1YXVD8&last_name=In&residence_country=US&mc_currency=USD&item_name=Natural+Glow+Magazine&business=meganemilyduffy%40gmail.com&amount3=9.99&recurring=1&verify_sign=ACUe-E7Hjxmeel8FjYAtjnx-yjHAAZ5jH.ypGcQENdSrM4FOpq3Y6Spw&payer_status=verified&test_ipn=1&payer_email=megin2%40gmail.com&first_name=Meg&receiver_email=meganemilyduffy%40gmail.com&payer_id=Y9VCU69UCS8D4&invoice=f8049b34-09c3-4f9f-95a6-b8cb8bb76503&reattempt=1&subscr_date=08%3A05%3A25+Mar+21%2C+2017+PDT&custom=2-5&charset=windows-1252&notify_version=3.8&period3=1+M&mc_amount3=9.99&ipn_track_id=fef6f4be7793",
        "response": "VERIFIED",
        "created_at": "2017-03-21T15:05:39.995Z",
        "updated_at": "2017-03-21T15:05:40.161Z",
        "from_view": ""
    }
},
{
    "model": "ipn.paypalipn",
    "pk": 53,
    "fields": {
        "business": "meganemilyduffy@gmail.com",
        "charset": "windows-1252",
        "custom": "2-5",
        "notify_version": "3.80",
        "parent_txn_id": "",
        "receiver_email": "meganemilyduffy@gmail.com",
        "receiver_id": "DU5NTK47BPPE6",
        "residence_country": "US",
        "test_ipn": true,
        "txn_id": "6M767571Y7282410F",
        "txn_type": "subscr_payment",
        "verify_sign": "AQU0e5vuZCvSg-XJploSa.sGUDlpAblLKfBQeEjf3fVkWxD45hiVI9B5",
        "address_country": "",
        "address_city": "",
        "address_country_code": "",
        "address_name": "",
        "address_state": "",
        "address_status": "",
        "address_street": "",
        "address_zip": "",
        "contact_phone": "",
        "first_name": "Meg",
        "last_name": "In",
        "payer_business_name": "",
        "payer_email": "megin2@gmail.com",
        "payer_id": "Y9VCU69UCS8D4",
        "auth_amount": "0.00",
        "auth_exp": "",
        "auth_id": "",
        "auth_status": "",
        "exchange_rate": "0E-16",
        "invoice": "f8049b34-09c3-4f9f-95a6-b8cb8bb76503",
        "item_name": "Natural Glow Magazine",
        "item_number": "",
        "mc_currency": "USD",
        "mc_fee": "0.59",
        "mc_gross": "9.99",
        "mc_handling": "0.00",
        "mc_shipping": "0.00",
        "memo": "",
        "num_cart_items": 0,
        "option_name1": "",
        "option_name2": "",
        "option_selection1": "",
        "option_selection2": "",
        "payer_status": "verified",
        "payment_date": "2017-03-21T15:05:27Z",
        "payment_gross": "9.99",
        "payment_status": "Completed",
        "payment_type": "instant",
        "pending_reason": "",
        "protection_eligibility": "Ineligible",
        "quantity": 1,
        "reason_code": "",
        "remaining_settle": "0.00",
        "settle_amount": "0.00",
        "settle_currency": "",
        "shipping": "0.00",
        "shipping_method": "",
        "tax": "0.00",
        "transaction_entity": "",
        "auction_buyer_id": "",
        "auction_closing_date": null,
        "auction_multi_item": 0,
        "for_auction": "0.00",
        "amount": "0.00",
        "amount_per_cycle": "0.00",
        "initial_payment_amount": "0.00",
        "next_payment_date": null,
        "outstanding_balance": "0.00",
        "payment_cycle": "",
        "period_type": "",
        "product_name": "",
        "product_type": "",
        "profile_status": "",
        "recurring_payment_id": "",
        "rp_invoice_id": "",
        "time_created": null,
        "amount1": "0.00",
        "amount2": "0.00",
        "amount3": "0.00",
        "mc_amount1": "0.00",
        "mc_amount2": "0.00",
        "mc_amount3": "0.00",
        "password": "",
        "period1": "",
        "period2": "",
        "period3": "",
        "reattempt": "",
        "recur_times": 0,
        "recurring": "",
        "retry_at": null,
        "subscr_date": null,
        "subscr_effective": null,
        "subscr_id": "I-7TAM5F1YXVD8",
        "username": "",
        "mp_id": "",
        "case_creation_date": null,
        "case_id": "",
        "case_type": "",
        "receipt_id": "",
        "currency_code": "USD",
        "handling_amount": "0.00",
        "transaction_subject": "Natural Glow Magazine",
        "ipaddress": "127.0.0.1",
        "flag": false,
        "flag_code": "",
        "flag_info": "",
        "query": "transaction_subject=Natural+Glow+Magazine&payment_date=08%3A05%3A27+Mar+21%2C+2017+PDT&txn_type=subscr_payment&subscr_id=I-7TAM5F1YXVD8&last_name=In&residence_country=US&item_name=Natural+Glow+Magazine&payment_gross=9.99&mc_currency=USD&business=meganemilyduffy%40gmail.com&payment_type=instant&protection_eligibility=Ineligible&verify_sign=AQU0e5vuZCvSg-XJploSa.sGUDlpAblLKfBQeEjf3fVkWxD45hiVI9B5&payer_status=verified&test_ipn=1&payer_email=megin2%40gmail.com&txn_id=6M767571Y7282410F&receiver_email=meganemilyduffy%40gmail.com&first_name=Meg&invoice=f8049b34-09c3-4f9f-95a6-b8cb8bb76503&payer_id=Y9VCU69UCS8D4&receiver_id=DU5NTK47BPPE6&payment_status=Completed&payment_fee=0.59&mc_fee=0.59&mc_gross=9.99&custom=2-5&charset=windows-1252&notify_version=3.8&ipn_track_id=fef6f4be7793",
        "response": "VERIFIED",
        "created_at": "2017-03-21T15:06:04.178Z",
        "updated_at": "2017-03-21T15:06:04.348Z",
        "from_view": ""
    }
},
{
    "model": "accounts.user",
    "fields": {
        "password": "pbkdf2_sha256$30000$JdIow6pwNFub$r9P5idatMiOY2pjhkQoSCsNb7YSw+deyvViwy4F+R7E=",
        "last_login": "2017-03-31T16:19:58.542Z",
        "is_superuser": true,
        "username": "megan",
        "first_name": "",
        "last_name": "",
        "email": "meganemilyduffy@gmail.com",
        "is_staff": true,
        "is_active": true,
        "date_joined": "2017-03-12T20:30:29.496Z",
        "previous_login": "2017-03-31T16:18:33.694Z",
        "image": "profile_images/med_2017.jpg",
        "groups": [],
        "user_permissions": []
    }
},
{
    "model": "accounts.user",
    "fields": {
        "password": "pbkdf2_sha256$30000$AR1Dk4Kw9mFJ$C8oRWS3I1RfmBdgI/DenVU31Ey5zccxNytBbzK7vx6g=",
        "last_login": "2017-03-31T16:18:52.557Z",
        "is_superuser": false,
        "username": "lindheim71@gmail.com",
        "first_name": "",
        "last_name": "",
        "email": "lindheim71@gmail.com",
        "is_staff": false,
        "is_active": true,
        "date_joined": "2017-03-14T13:46:45.053Z",
        "previous_login": "2017-03-31T15:27:53.499Z",
        "image": "profile_images/best-yoga-moves-400x400.jpg",
        "groups": [],
        "user_permissions": []
    }
},
{
    "model": "accounts.user",
    "fields": {
        "password": "pbkdf2_sha256$30000$Q4878OVlGP5w$qoqwbpHlcvnJxp9XYY7SVTK5CRSPRLkgtPD4F5Cj5Ro=",
        "last_login": "2017-03-29T20:56:24.773Z",
        "is_superuser": false,
        "username": "jellylegss611@gmail.com",
        "first_name": "",
        "last_name": "",
        "email": "jellylegss611@gmail.com",
        "is_staff": false,
        "is_active": true,
        "date_joined": "2017-03-14T15:17:07.875Z",
        "previous_login": "2017-03-14T15:17:07.875Z",
        "image": "",
        "groups": [],
        "user_permissions": []
    }
},
{
    "model": "accounts.user",
    "fields": {
        "password": "pbkdf2_sha256$30000$ovn1IYkV0X6u$BZTEk6FQj5qmwAhX7bF5PJ9zoR1FDo+P5nShLaN6r8E=",
        "last_login": "2017-03-14T22:30:12.392Z",
        "is_superuser": false,
        "username": "mega@gmail.com",
        "first_name": "",
        "last_name": "",
        "email": "mega@gmail.com",
        "is_staff": false,
        "is_active": true,
        "date_joined": "2017-03-14T22:29:47.466Z",
        "previous_login": "2017-03-14T22:29:47.466Z",
        "image": "",
        "groups": [],
        "user_permissions": []
    }
},
{
    "model": "accounts.user",
    "fields": {
        "password": "pbkdf2_sha256$30000$keBD8HDQoYXp$DiDO1o3Yl+mtsCWvI7p8HkCMngoik3GU3UY1NBt0IWQ=",
        "last_login": "2017-03-29T16:33:09.868Z",
        "is_superuser": false,
        "username": "login@gmail.com",
        "first_name": "",
        "last_name": "",
        "email": "login@gmail.com",
        "is_staff": false,
        "is_active": true,
        "date_joined": "2017-03-16T21:53:11.807Z",
        "previous_login": "2017-03-16T21:53:11.807Z",
        "image": "",
        "groups": [],
        "user_permissions": []
    }
},
{
    "model": "accounts.user",
    "fields": {
        "password": "pbkdf2_sha256$30000$9zHUhnwE6tzO$xNyCT1ooDhrivfsS9PI6Psp0LWIXYcd4rASkKHwh3vQ=",
        "last_login": "2017-03-21T14:42:12.254Z",
        "is_superuser": false,
        "username": "login2@gmail.com",
        "first_name": "",
        "last_name": "",
        "email": "login2@gmail.com",
        "is_staff": false,
        "is_active": true,
        "date_joined": "2017-03-21T14:41:58.329Z",
        "previous_login": "2017-03-21T14:41:58.330Z",
        "image": "",
        "groups": [],
        "user_permissions": []
    }
},
{
    "model": "accounts.user",
    "fields": {
        "password": "pbkdf2_sha256$30000$dIH9hLhBaohE$mh1yXTtV4W502rJvWENHs3HFtz8g7JrhUSGLx/2vay4=",
        "last_login": null,
        "is_superuser": false,
        "username": "",
        "first_name": "",
        "last_name": "",
        "email": "",
        "is_staff": false,
        "is_active": true,
        "date_joined": "2017-03-27T12:42:03.782Z",
        "previous_login": "2017-03-27T12:42:03.782Z",
        "image": "",
        "groups": [],
        "user_permissions": []
    }
},
{
    "model": "accounts.user",
    "fields": {
        "password": "pbkdf2_sha256$30000$dYbSLyYOCmTm$Sd8miaJxLhheGT7S4ZRh43PSoBcZHed+Rbuzb41xYGQ=",
        "last_login": null,
        "is_superuser": false,
        "username": "login3@gmail.com",
        "first_name": "",
        "last_name": "",
        "email": "login3@gmail.com",
        "is_staff": false,
        "is_active": true,
        "date_joined": "2017-03-30T15:27:53.234Z",
        "previous_login": "2017-03-30T15:27:53.234Z",
        "image": "",
        "groups": [],
        "user_permissions": []
    }
},
{
    "model": "accounts.user",
    "fields": {
        "password": "pbkdf2_sha256$30000$DBHmJMWJMNZK$CuloMVjywUv0/dxX54OaooymHl7SWPNkkkCtLWlj9nI=",
        "last_login": null,
        "is_superuser": false,
        "username": "login4@gmail.com",
        "first_name": "",
        "last_name": "",
        "email": "login4@gmail.com",
        "is_staff": false,
        "is_active": true,
        "date_joined": "2017-03-30T15:30:44.969Z",
        "previous_login": "2017-03-30T15:30:44.970Z",
        "image": "",
        "groups": [],
        "user_permissions": []
    }
},
{
    "model": "accounts.user",
    "fields": {
        "password": "pbkdf2_sha256$30000$4KmGeZtFeR77$f6socjTWqCLaN8UY7ol697XLVXs62cdeyr2tiC6blFo=",
        "last_login": "2017-03-31T16:19:29.974Z",
        "is_superuser": false,
        "username": "login5@gmail.com",
        "first_name": "",
        "last_name": "",
        "email": "login5@gmail.com",
        "is_staff": false,
        "is_active": true,
        "date_joined": "2017-03-30T20:18:44.550Z",
        "previous_login": "2017-03-31T15:04:42.536Z",
        "image": "profile_images/blender-brussels-logo_PpMeYfr.png",
        "groups": [],
        "user_permissions": []
    }
},
{
    "model": "products.product",
    "pk": 1,
    "fields": {
        "name": "Purple Candle",
        "description": "Purple candle. Scented: Rose hip and lavender. 48 hours burn time.",
        "price": "5.99",
        "image": "product_images/sinnlig-scented-block-candle-lilac__0254854_PE397607_S4.JPG"
    }
},
{
    "model": "products.product",
    "pk": 2,
    "fields": {
        "name": "Green Candle",
        "description": "Green Candle. Scented: Mint and sandalwood. 48 hours burn time.",
        "price": "5.99",
        "image": "product_images/0254846_PE397611_S5.JPG"
    }
},
{
    "model": "products.product",
    "pk": 3,
    "fields": {
        "name": "Orange Candle",
        "description": "Orange Candle. Scented: Mandarin and honey. 48 hour burn time.",
        "price": "5.99",
        "image": "product_images/sinnlig-scented-block-candle-orange__0254850_PE397609_S4.JPG"
    }
},
{
    "model": "products.product",
    "pk": 4,
    "fields": {
        "name": "Red Candle",
        "description": "Red Candle. Scented: Festive spice. 48 hour burn time.",
        "price": "5.99",
        "image": "product_images/fuschia-pink-candle.jpg"
    }
},
{
    "model": "magazines.magazine",
    "pk": 1,
    "fields": {
        "name": "PyLadies Magazine",
        "description": "PyLadies Magazine. Monthly Issues. Topics: Python, Women in Tech",
        "price": "9.99",
        "image": "magazine_images/python.png"
    }
},
{
    "model": "magazines.magazine",
    "pk": 2,
    "fields": {
        "name": "Natural Glow Magazine",
        "description": "Natural Glow Magazine. Monthly Issues. Topics: Beauty, Natural Remedies, Holistic Therapy",
        "price": "9.99",
        "image": "magazine_images/best-yoga-moves-400x400.jpg"
    }
},
{
    "model": "magazines.magazine",
    "pk": 3,
    "fields": {
        "name": "Bird-watching Magazine",
        "description": "Bird-watching Magazine. Topics: Bird-watching.",
        "price": "9.99",
        "image": "magazine_images/download.jpg"
    }
},
{
    "model": "magazines.purchase",
    "pk": 1,
    "fields": {
        "user": 1,
        "magazine": 1,
        "subscription_end": "2017-04-11T12:43:40.617Z"
    }
},
{
    "model": "magazines.purchase",
    "pk": 2,
    "fields": {
        "user": 1,
        "magazine": 1,
        "subscription_end": "2017-04-11T12:43:40.882Z"
    }
},
{
    "model": "magazines.purchase",
    "pk": 3,
    "fields": {
        "user": 1,
        "magazine": 2,
        "subscription_end": "2017-04-11T12:44:15.154Z"
    }
},
{
    "model": "magazines.purchase",
    "pk": 4,
    "fields": {
        "user": 1,
        "magazine": 1,
        "subscription_end": "2017-04-11T12:45:07.293Z"
    }
},
{
    "model": "magazines.purchase",
    "pk": 5,
    "fields": {
        "user": 1,
        "magazine": 2,
        "subscription_end": "2017-04-11T12:45:17.820Z"
    }
},
{
    "model": "magazines.purchase",
    "pk": 6,
    "fields": {
        "user": 1,
        "magazine": 2,
        "subscription_end": "2017-04-11T12:45:59.696Z"
    }
},
{
    "model": "magazines.purchase",
    "pk": 7,
    "fields": {
        "user": 1,
        "magazine": 2,
        "subscription_end": "2017-04-11T12:46:47.140Z"
    }
},
{
    "model": "magazines.purchase",
    "pk": 8,
    "fields": {
        "user": 2,
        "magazine": 1,
        "subscription_end": "2017-03-14T13:47:44.386Z"
    }
},
{
    "model": "magazines.purchase",
    "pk": 9,
    "fields": {
        "user": 1,
        "magazine": 1,
        "subscription_end": "2017-04-11T12:47:55.794Z"
    }
},
{
    "model": "magazines.purchase",
    "pk": 10,
    "fields": {
        "user": 2,
        "magazine": 1,
        "subscription_end": "2017-04-11T12:48:09.355Z"
    }
},
{
    "model": "magazines.purchase",
    "pk": 11,
    "fields": {
        "user": 1,
        "magazine": 2,
        "subscription_end": "2017-04-11T12:48:11.418Z"
    }
},
{
    "model": "magazines.purchase",
    "pk": 12,
    "fields": {
        "user": 1,
        "magazine": 2,
        "subscription_end": "2017-04-11T12:50:56.417Z"
    }
},
{
    "model": "magazines.purchase",
    "pk": 13,
    "fields": {
        "user": 1,
        "magazine": 1,
        "subscription_end": "2017-04-11T12:53:23.424Z"
    }
},
{
    "model": "magazines.purchase",
    "pk": 14,
    "fields": {
        "user": 1,
        "magazine": 2,
        "subscription_end": "2017-04-11T12:56:23.902Z"
    }
},
{
    "model": "magazines.purchase",
    "pk": 15,
    "fields": {
        "user": 1,
        "magazine": 1,
        "subscription_end": "2017-04-11T13:04:11.992Z"
    }
},
{
    "model": "magazines.purchase",
    "pk": 16,
    "fields": {
        "user": 1,
        "magazine": 2,
        "subscription_end": "2017-04-11T13:07:19.740Z"
    }
},
{
    "model": "magazines.purchase",
    "pk": 17,
    "fields": {
        "user": 1,
        "magazine": 1,
        "subscription_end": "2017-04-11T13:25:37.534Z"
    }
},
{
    "model": "magazines.purchase",
    "pk": 18,
    "fields": {
        "user": 1,
        "magazine": 2,
        "subscription_end": "2017-04-11T13:28:53.966Z"
    }
},
{
    "model": "magazines.purchase",
    "pk": 19,
    "fields": {
        "user": 3,
        "magazine": 1,
        "subscription_end": "2017-03-14T15:18:14.317Z"
    }
},
{
    "model": "magazines.purchase",
    "pk": 20,
    "fields": {
        "user": 3,
        "magazine": 1,
        "subscription_end": "2017-04-11T14:18:14.613Z"
    }
},
{
    "model": "magazines.purchase",
    "pk": 21,
    "fields": {
        "user": 3,
        "magazine": 2,
        "subscription_end": "2017-04-11T14:22:12.044Z"
    }
},
{
    "model": "magazines.purchase",
    "pk": 22,
    "fields": {
        "user": 3,
        "magazine": 2,
        "subscription_end": "2017-04-11T14:22:12.422Z"
    }
},
{
    "model": "magazines.purchase",
    "pk": 23,
    "fields": {
        "user": 3,
        "magazine": 2,
        "subscription_end": "2017-04-11T20:07:12.920Z"
    }
},
{
    "model": "magazines.purchase",
    "pk": 24,
    "fields": {
        "user": 3,
        "magazine": 2,
        "subscription_end": "2017-04-11T20:07:14.132Z"
    }
},
{
    "model": "magazines.purchase",
    "pk": 25,
    "fields": {
        "user": 3,
        "magazine": 2,
        "subscription_end": "2017-04-11T20:18:48.227Z"
    }
},
{
    "model": "magazines.purchase",
    "pk": 26,
    "fields": {
        "user": 3,
        "magazine": 2,
        "subscription_end": "2017-04-11T20:19:07.991Z"
    }
},
{
    "model": "magazines.purchase",
    "pk": 27,
    "fields": {
        "user": 3,
        "magazine": 1,
        "subscription_end": "2017-04-11T20:21:09.122Z"
    }
},
{
    "model": "magazines.purchase",
    "pk": 28,
    "fields": {
        "user": 2,
        "magazine": 1,
        "subscription_end": "2017-04-12T10:43:14.201Z"
    }
},
{
    "model": "magazines.purchase",
    "pk": 29,
    "fields": {
        "user": 5,
        "magazine": 1,
        "subscription_end": "2017-04-18T13:28:06.234Z"
    }
},
{
    "model": "magazines.purchase",
    "pk": 30,
    "fields": {
        "user": 6,
        "magazine": 2,
        "subscription_end": "2017-04-18T13:43:07.827Z"
    }
},
{
    "model": "magazines.purchase",
    "pk": 31,
    "fields": {
        "user": 5,
        "magazine": 2,
        "subscription_end": "2017-04-18T14:06:04.504Z"
    }
},
{
    "model": "threads.subject",
    "pk": 1,
    "fields": {
        "name": "General",
        "description": "<p>General subjects</p>"
    }
},
{
    "model": "threads.subject",
    "pk": 2,
    "fields": {
        "name": "Python",
        "description": "<p>Discuss Python Here!</p>"
    }
},
{
    "model": "threads.subject",
    "pk": 3,
    "fields": {
        "name": "Django",
        "description": "<p>Discuss the Django Framework Here!</p>"
    }
},
{
    "model": "threads.thread",
    "pk": 1,
    "fields": {
        "name": "Say Hello!",
        "user": 1,
        "subject": 1,
        "created_at": "2017-03-19T23:21:58.906Z"
    }
},
{
    "model": "threads.thread",
    "pk": 2,
    "fields": {
        "name": "Say Hello!",
        "user": 1,
        "subject": 1,
        "created_at": "2017-03-20T00:22:43.516Z"
    }
},
{
    "model": "threads.thread",
    "pk": 3,
    "fields": {
        "name": "Is this thing on?",
        "user": 1,
        "subject": 1,
        "created_at": "2017-03-20T00:26:15.111Z"
    }
},
{
    "model": "threads.thread",
    "pk": 4,
    "fields": {
        "name": "Order",
        "user": 1,
        "subject": 1,
        "created_at": "2017-03-20T19:12:47.060Z"
    }
},
{
    "model": "threads.thread",
    "pk": 5,
    "fields": {
        "name": "How's The Weather?",
        "user": 5,
        "subject": 2,
        "created_at": "2017-03-21T21:20:09.063Z"
    }
},
{
    "model": "threads.thread",
    "pk": 6,
    "fields": {
        "name": "zsfg",
        "user": 3,
        "subject": 3,
        "created_at": "2017-03-24T19:50:11.011Z"
    }
},
{
    "model": "threads.thread",
    "pk": 7,
    "fields": {
        "name": "sdfzsdcszc",
        "user": 3,
        "subject": 3,
        "created_at": "2017-03-24T19:57:38.521Z"
    }
},
{
    "model": "threads.thread",
    "pk": 8,
    "fields": {
        "name": "type_it_now",
        "user": 3,
        "subject": 3,
        "created_at": "2017-03-24T19:57:38.521Z"
    }
},
{
    "model": "threads.thread",
    "pk": 9,
    "fields": {
        "name": "Cats",
        "user": 2,
        "subject": 1,
        "created_at": "2017-03-29T17:50:14.829Z"
    }
},
{
    "model": "threads.post",
    "pk": 1,
    "fields": {
        "thread": 1,
        "comment": "<p>Say hello and introduce yourself on this new thread!</p>\r\n<p>May it be the first of many ;)</p>",
        "user": 1,
        "created_at": "2017-03-19T23:21:58.909Z"
    }
},
{
    "model": "threads.post",
    "pk": 2,
    "fields": {
        "thread": 2,
        "comment": "<p>Say hello and introduce yourself on this new thread!</p>\r\n<p>May it be the first of many ;)</p>",
        "user": 1,
        "created_at": "2017-03-20T00:22:43.518Z"
    }
},
{
    "model": "threads.post",
    "pk": 3,
    "fields": {
        "thread": 1,
        "comment": "<p>comment..?</p>",
        "user": 1,
        "created_at": "2017-03-20T00:26:15.113Z"
    }
},
{
    "model": "threads.post",
    "pk": 4,
    "fields": {
        "thread": 3,
        "comment": "<p>Uh oh.. it doesn't have your previous text in the edit field...</p>",
        "user": 1,
        "created_at": "2017-03-20T00:26:15.113Z"
    }
},
{
    "model": "threads.post",
    "pk": 5,
    "fields": {
        "thread": 3,
        "comment": "<p>So is this a comment or a post?</p>",
        "user": 1,
        "created_at": "2017-03-20T00:26:15.113Z"
    }
},
{
    "model": "threads.post",
    "pk": 6,
    "fields": {
        "thread": 3,
        "comment": "<p>I think it's mainly style issues I'm having here</p>",
        "user": 1,
        "created_at": "2017-03-20T00:26:15.113Z"
    }
},
{
    "model": "threads.post",
    "pk": 7,
    "fields": {
        "thread": 4,
        "comment": "<p>This is the initiall thread post. #1</p>",
        "user": 1,
        "created_at": "2017-03-20T19:12:47.062Z"
    }
},
{
    "model": "threads.post",
    "pk": 8,
    "fields": {
        "thread": 4,
        "comment": "<p>And this is the comment on the initial post. #2</p>",
        "user": 1,
        "created_at": "2017-03-20T19:12:47.062Z"
    }
},
{
    "model": "threads.post",
    "pk": 9,
    "fields": {
        "thread": 4,
        "comment": "<p>And this is the second comment. #3</p>",
        "user": 1,
        "created_at": "2017-03-20T19:12:47.062Z"
    }
},
{
    "model": "threads.post",
    "pk": 13,
    "fields": {
        "thread": 4,
        "comment": "<p>This comment was born to change - and change it did!!</p>",
        "user": 5,
        "created_at": "2017-03-21T17:23:46.947Z"
    }
},
{
    "model": "threads.post",
    "pk": 14,
    "fields": {
        "thread": 5,
        "comment": "<p>The weather in Ireland varies so much. I wonder what the weather is like where you are?</p>",
        "user": 5,
        "created_at": "2017-03-21T21:20:09.065Z"
    }
},
{
    "model": "threads.post",
    "pk": 15,
    "fields": {
        "thread": 5,
        "comment": "<p>Polls are cool, just a few design and naming flaws but nothing major!!</p>",
        "user": 3,
        "created_at": "2017-03-24T19:14:15.553Z"
    }
},
{
    "model": "threads.post",
    "pk": 16,
    "fields": {
        "thread": 6,
        "comment": "<p>dsfszdfszdf</p>",
        "user": 3,
        "created_at": "2017-03-24T19:50:11.013Z"
    }
},
{
    "model": "threads.post",
    "pk": 17,
    "fields": {
        "thread": 7,
        "comment": "<p>zxdvzsvzvdscs</p>",
        "user": 3,
        "created_at": "2017-03-24T19:57:38.525Z"
    }
},
{
    "model": "threads.post",
    "pk": 18,
    "fields": {
        "thread": 8,
        "comment": "<p>bxfzdgfsfgsdf</p>",
        "user": 3,
        "created_at": "2017-03-24T19:57:38.525Z"
    }
},
{
    "model": "threads.post",
    "pk": 19,
    "fields": {
        "thread": 9,
        "comment": "<p>I like cats, I hope you do too!</p>",
        "user": 2,
        "created_at": "2017-03-29T17:50:14.830Z"
    }
},
{
    "model": "threads.post",
    "pk": 20,
    "fields": {
        "thread": 8,
        "comment": "<p>Will my profile picture show up?</p>",
        "user": 10,
        "created_at": "2017-03-30T20:18:18.941Z"
    }
},
{
    "model": "threads.post",
    "pk": 21,
    "fields": {
        "thread": 8,
        "comment": "<p>Do I have a new profile pic?</p>",
        "user": 1,
        "created_at": "2017-03-31T15:14:12.755Z"
    }
},
{
    "model": "polls.poll",
    "pk": 1,
    "fields": {
        "question": "Weather",
        "thread": 5
    }
},
{
    "model": "polls.poll",
    "pk": 2,
    "fields": {
        "question": "",
        "thread": 6
    }
},
{
    "model": "polls.poll",
    "pk": 3,
    "fields": {
        "question": "How fast can you type?",
        "thread": 8
    }
},
{
    "model": "polls.poll",
    "pk": 4,
    "fields": {
        "question": "Cats",
        "thread": 9
    }
},
{
    "model": "polls.pollsubject",
    "pk": 1,
    "fields": {
        "name": "Hot",
        "poll": 1
    }
},
{
    "model": "polls.pollsubject",
    "pk": 2,
    "fields": {
        "name": "Cold",
        "poll": 1
    }
},
{
    "model": "polls.pollsubject",
    "pk": 3,
    "fields": {
        "name": "Just Right",
        "poll": 1
    }
},
{
    "model": "polls.pollsubject",
    "pk": 4,
    "fields": {
        "name": "",
        "poll": 2
    }
},
{
    "model": "polls.pollsubject",
    "pk": 5,
    "fields": {
        "name": "",
        "poll": 2
    }
},
{
    "model": "polls.pollsubject",
    "pk": 6,
    "fields": {
        "name": "",
        "poll": 2
    }
},
{
    "model": "polls.pollsubject",
    "pk": 7,
    "fields": {
        "name": "60WPM",
        "poll": 3
    }
},
{
    "model": "polls.pollsubject",
    "pk": 8,
    "fields": {
        "name": "80WPM",
        "poll": 3
    }
},
{
    "model": "polls.pollsubject",
    "pk": 9,
    "fields": {
        "name": "100WPM",
        "poll": 3
    }
},
{
    "model": "polls.pollsubject",
    "pk": 10,
    "fields": {
        "name": "brown cats?",
        "poll": 4
    }
},
{
    "model": "polls.pollsubject",
    "pk": 11,
    "fields": {
        "name": "yellow cats?",
        "poll": 4
    }
},
{
    "model": "polls.pollsubject",
    "pk": 12,
    "fields": {
        "name": "purple cats?",
        "poll": 4
    }
},
{
    "model": "polls.vote",
    "pk": 1,
    "fields": {
        "poll": 1,
        "subject": 1,
        "user": 5
    }
},
{
    "model": "polls.vote",
    "pk": 2,
    "fields": {
        "poll": 1,
        "subject": 2,
        "user": 2
    }
},
{
    "model": "polls.vote",
    "pk": 3,
    "fields": {
        "poll": 1,
        "subject": 3,
        "user": 3
    }
},
{
    "model": "polls.vote",
    "pk": 4,
    "fields": {
        "poll": 4,
        "subject": 11,
        "user": 2
    }
},
{
    "model": "polls.vote",
    "pk": 5,
    "fields": {
        "poll": 3,
        "subject": 8,
        "user": 1
    }
},
{
    "model": "reusable_blogprj.post",
    "pk": 1,
    "fields": {
        "author": 5,
        "title": "Test Post",
        "content": "Test Post Test Post Test Post Test Post Test Post Test Post Test Post Test Post Test Post Test Post Test Post Test Post Test Post",
        "created_date": "2017-03-14T15:02:52.417Z",
        "published_date": "2017-03-29T16:37:20.790Z",
        "views": 13,
        "tag": null,
        "image": ""
    }
},
{
    "model": "reusable_blogprj.post",
    "pk": 2,
    "fields": {
        "author": 5,
        "title": "Test Post Two",
        "content": "Test post two, how do you do? Test post two, how do you do? Test post two, how do you do? Test post two, how do you do? Test post two, how do you do? Test post two, how do you do? Test post two, how do you do? Test post two, how do you do? Test post two, how do you do? Test post two, how do you do? Test post two, how do you do? Test post two, how do you do? Test post two, how do you do? Test post two, how do you do? Test post two, how do you do? Test post two, how do you do? Test post two, how do you do? Test post two, how do you do? Test post two, how do you do? Test post two, how do you do? Test post two, how do you do?",
        "created_date": "2017-03-29T16:33:54.992Z",
        "published_date": "2017-03-29T16:37:11.331Z",
        "views": 5,
        "tag": null,
        "image": "images/chat.png"
    }
},
{
    "model": "reusable_blogprj.post",
    "pk": 3,
    "fields": {
        "author": 5,
        "title": "Test Images",
        "content": "Test Images Test Images Test Images Test Images Test Images Test Images Test Images Test Images Test Images Test Images Test Images Test Images Test Images Test Images Test Images Test Images Test Images Test Images Test Images Test Images Test Images Test Images Test Images Test Images Test Images Test Images Test Images Test Images Test Images Test Images Test Images Test Images Test Images Test Images Test Images Test Images Test Images Test Images Test Images Test Images Test Images Test Images Test Images Test Images Test Images Test Images Test Images Test Images Test Images Test Images Test Images Test Images Test Images Test Images Test Images Test Images Test Images Test Images Test Images Test Images Test Images Test Images Test Images",
        "created_date": "2017-03-29T16:45:13.048Z",
        "published_date": "2017-03-29T16:45:13.048Z",
        "views": 11,
        "tag": null,
        "image": "images/chat.png"
    }
},
{
    "model": "reusable_blogprj.post",
    "pk": 4,
    "fields": {
        "author": 2,
        "title": "Testing Authors",
        "content": "Testing Authors Testing Authors Testing Authors Testing Authors Testing Authors Testing Authors Testing Authors Testing Authors Testing Authors Testing Authors Testing Authors Testing Authors Testing Authors Testing Authors Testing Authors Testing Authors Testing Authors Testing Authors Testing Authors Testing Authors Testing Authors Testing Authors Testing Authors Testing Authors Testing Authors Testing Authors",
        "created_date": "2017-03-29T17:26:40.799Z",
        "published_date": "2017-03-29T20:59:43.976Z",
        "views": 7,
        "tag": "",
        "image": "blog_images/chat_DfNEmPP.png"
    }
},
{
    "model": "reusable_blogprj.post",
    "pk": 5,
    "fields": {
        "author": 2,
        "title": "fgghgdfh",
        "content": "stdhdxhbxdhgh",
        "created_date": "2017-03-29T20:17:09.579Z",
        "published_date": "2017-03-29T20:59:31.150Z",
        "views": 3,
        "tag": "rocket",
        "image": "blog_images/rocketred_zmKXZEd.png"
    }
},
{
    "model": "reusable_blogprj.post",
    "pk": 6,
    "fields": {
        "author": 2,
        "title": "xgdhxhf",
        "content": "xghxdgdx",
        "created_date": "2017-03-29T20:58:28.111Z",
        "published_date": "2017-03-29T20:58:28.109Z",
        "views": 2,
        "tag": "zsdff",
        "image": "blog_images/headphones.png"
    }
},
{
    "model": "reusable_blogprj.post",
    "pk": 7,
    "fields": {
        "author": 1,
        "title": "jkhvky",
        "content": "kfkhgcfhgc",
        "created_date": "2017-03-29T22:01:53.276Z",
        "published_date": "2017-03-29T22:01:53.273Z",
        "views": 2,
        "tag": "",
        "image": "blog_images/170_scs-bolsius-aromatic-pillar-candle-juicy-orange_copy.jpg"
    }
},
{
    "model": "admin.logentry",
    "pk": 1,
    "fields": {
        "action_time": "2017-03-12T20:31:23.169Z",
        "user": 1,
        "content_type": 6,
        "object_id": "3",
        "object_repr": "localhost",
        "action_flag": 1,
        "change_message": "[{\"added\": {}}]"
    }
},
{
    "model": "admin.logentry",
    "pk": 2,
    "fields": {
        "action_time": "2017-03-12T20:32:34.948Z",
        "user": 1,
        "content_type": 7,
        "object_id": "1",
        "object_repr": "/pages/about/ -- About",
        "action_flag": 1,
        "change_message": "[{\"added\": {}}]"
    }
},
{
    "model": "admin.logentry",
    "pk": 3,
    "fields": {
        "action_time": "2017-03-12T20:32:50.451Z",
        "user": 1,
        "content_type": 7,
        "object_id": "2",
        "object_repr": "/pages/contact/ -- Contact",
        "action_flag": 1,
        "change_message": "[{\"added\": {}}]"
    }
},
{
    "model": "admin.logentry",
    "pk": 4,
    "fields": {
        "action_time": "2017-03-12T21:09:04.534Z",
        "user": 1,
        "content_type": 10,
        "object_id": "1",
        "object_repr": "Pink Candle",
        "action_flag": 1,
        "change_message": "[{\"added\": {}}]"
    }
},
{
    "model": "admin.logentry",
    "pk": 5,
    "fields": {
        "action_time": "2017-03-12T21:09:59.952Z",
        "user": 1,
        "content_type": 10,
        "object_id": "2",
        "object_repr": "Green Candle",
        "action_flag": 1,
        "change_message": "[{\"added\": {}}]"
    }
},
{
    "model": "admin.logentry",
    "pk": 6,
    "fields": {
        "action_time": "2017-03-12T21:10:13.203Z",
        "user": 1,
        "content_type": 10,
        "object_id": "1",
        "object_repr": "Pink Candle",
        "action_flag": 2,
        "change_message": "[{\"changed\": {\"fields\": [\"description\"]}}]"
    }
},
{
    "model": "admin.logentry",
    "pk": 7,
    "fields": {
        "action_time": "2017-03-12T21:11:07.378Z",
        "user": 1,
        "content_type": 10,
        "object_id": "3",
        "object_repr": "Orange Candle",
        "action_flag": 1,
        "change_message": "[{\"added\": {}}]"
    }
},
{
    "model": "admin.logentry",
    "pk": 8,
    "fields": {
        "action_time": "2017-03-12T21:11:44.248Z",
        "user": 1,
        "content_type": 10,
        "object_id": "4",
        "object_repr": "Red Candle",
        "action_flag": 1,
        "change_message": "[{\"added\": {}}]"
    }
},
{
    "model": "admin.logentry",
    "pk": 9,
    "fields": {
        "action_time": "2017-03-12T21:54:30.068Z",
        "user": 1,
        "content_type": 12,
        "object_id": "1",
        "object_repr": "PyLadies Magazine",
        "action_flag": 1,
        "change_message": "[{\"added\": {}}]"
    }
},
{
    "model": "admin.logentry",
    "pk": 10,
    "fields": {
        "action_time": "2017-03-12T21:55:35.600Z",
        "user": 1,
        "content_type": 12,
        "object_id": "2",
        "object_repr": "Natural Glow Magazine",
        "action_flag": 1,
        "change_message": "[{\"added\": {}}]"
    }
},
{
    "model": "admin.logentry",
    "pk": 11,
    "fields": {
        "action_time": "2017-03-19T23:11:02.234Z",
        "user": 1,
        "content_type": 14,
        "object_id": "1",
        "object_repr": "General",
        "action_flag": 1,
        "change_message": "[{\"added\": {}}]"
    }
},
{
    "model": "admin.logentry",
    "pk": 12,
    "fields": {
        "action_time": "2017-03-20T19:42:02.459Z",
        "user": 1,
        "content_type": 14,
        "object_id": "2",
        "object_repr": "Python",
        "action_flag": 1,
        "change_message": "[{\"added\": {}}]"
    }
},
{
    "model": "admin.logentry",
    "pk": 13,
    "fields": {
        "action_time": "2017-03-20T19:42:26.827Z",
        "user": 1,
        "content_type": 14,
        "object_id": "3",
        "object_repr": "Django",
        "action_flag": 1,
        "change_message": "[{\"added\": {}}]"
    }
},
{
    "model": "admin.logentry",
    "pk": 14,
    "fields": {
        "action_time": "2017-03-29T21:10:03.072Z",
        "user": 1,
        "content_type": 10,
        "object_id": "4",
        "object_repr": "Red Candle",
        "action_flag": 2,
        "change_message": "[{\"changed\": {\"fields\": [\"image\"]}}]"
    }
},
{
    "model": "admin.logentry",
    "pk": 15,
    "fields": {
        "action_time": "2017-03-29T21:16:03.119Z",
        "user": 1,
        "content_type": 10,
        "object_id": "3",
        "object_repr": "Orange Candle",
        "action_flag": 2,
        "change_message": "[{\"changed\": {\"fields\": [\"image\"]}}]"
    }
},
{
    "model": "admin.logentry",
    "pk": 16,
    "fields": {
        "action_time": "2017-03-29T21:22:52.998Z",
        "user": 1,
        "content_type": 10,
        "object_id": "2",
        "object_repr": "Green Candle",
        "action_flag": 2,
        "change_message": "[{\"changed\": {\"fields\": [\"image\"]}}]"
    }
},
{
    "model": "admin.logentry",
    "pk": 17,
    "fields": {
        "action_time": "2017-03-29T23:44:57.168Z",
        "user": 1,
        "content_type": 12,
        "object_id": "3",
        "object_repr": "Bird-watching Magazine",
        "action_flag": 1,
        "change_message": "[{\"added\": {}}]"
    }
},
{
    "model": "admin.logentry",
    "pk": 18,
    "fields": {
        "action_time": "2017-03-31T13:37:13.784Z",
        "user": 1,
        "content_type": 12,
        "object_id": "2",
        "object_repr": "Natural Glow Magazine",
        "action_flag": 2,
        "change_message": "[{\"changed\": {\"fields\": [\"image\"]}}]"
    }
},
{
    "model": "admin.logentry",
    "pk": 19,
    "fields": {
        "action_time": "2017-03-31T13:37:22.002Z",
        "user": 1,
        "content_type": 12,
        "object_id": "1",
        "object_repr": "PyLadies Magazine",
        "action_flag": 2,
        "change_message": "[{\"changed\": {\"fields\": [\"image\"]}}]"
    }
},
{
    "model": "admin.logentry",
    "pk": 20,
    "fields": {
        "action_time": "2017-03-31T13:38:29.438Z",
        "user": 1,
        "content_type": 12,
        "object_id": "1",
        "object_repr": "PyLadies Magazine",
        "action_flag": 2,
        "change_message": "[{\"changed\": {\"fields\": [\"image\"]}}]"
    }
},
{
    "model": "admin.logentry",
    "pk": 21,
    "fields": {
        "action_time": "2017-03-31T13:58:54.130Z",
        "user": 1,
        "content_type": 10,
        "object_id": "4",
        "object_repr": "Red Candle",
        "action_flag": 2,
        "change_message": "[{\"changed\": {\"fields\": [\"image\"]}}]"
    }
},
{
    "model": "admin.logentry",
    "pk": 22,
    "fields": {
        "action_time": "2017-03-31T13:59:12.641Z",
        "user": 1,
        "content_type": 10,
        "object_id": "3",
        "object_repr": "Orange Candle",
        "action_flag": 2,
        "change_message": "[{\"changed\": {\"fields\": [\"image\"]}}]"
    }
},
{
    "model": "admin.logentry",
    "pk": 23,
    "fields": {
        "action_time": "2017-03-31T13:59:20.257Z",
        "user": 1,
        "content_type": 10,
        "object_id": "2",
        "object_repr": "Green Candle",
        "action_flag": 2,
        "change_message": "[{\"changed\": {\"fields\": [\"image\"]}}]"
    }
},
{
    "model": "admin.logentry",
    "pk": 24,
    "fields": {
        "action_time": "2017-03-31T13:59:45.960Z",
        "user": 1,
        "content_type": 10,
        "object_id": "1",
        "object_repr": "Purple Candle",
        "action_flag": 2,
        "change_message": "[{\"changed\": {\"fields\": [\"name\", \"description\", \"image\"]}}]"
    }
},
{
    "model": "admin.logentry",
    "pk": 25,
    "fields": {
        "action_time": "2017-03-31T16:27:13.628Z",
        "user": 1,
        "content_type": 7,
        "object_id": "1",
        "object_repr": "/pages/about/ -- About",
        "action_flag": 2,
        "change_message": "[{\"changed\": {\"fields\": [\"content\"]}}]"
    }
},
{
    "model": "admin.logentry",
    "pk": 26,
    "fields": {
        "action_time": "2017-03-31T16:28:03.003Z",
        "user": 1,
        "content_type": 7,
        "object_id": "1",
        "object_repr": "/pages/about/ -- About",
        "action_flag": 2,
        "change_message": "[{\"changed\": {\"fields\": [\"content\"]}}]"
    }
},
{
    "model": "admin.logentry",
    "pk": 27,
    "fields": {
        "action_time": "2017-03-31T16:28:43.945Z",
        "user": 1,
        "content_type": 7,
        "object_id": "1",
        "object_repr": "/pages/about/ -- About",
        "action_flag": 2,
        "change_message": "[{\"changed\": {\"fields\": [\"content\"]}}]"
    }
}
]
